method,stage,metric,direction,mean,ci95_low,ci95_high,between_train_seed_sd,between_eval_seed_sd,train_seed_count,eval_seed_count,episodes_per_cell
ours,multi_low,coverage_rate,higher,0.9171764399394717,0.9064269333263589,0.9285964668334198,0.004747615747894143,0.003142938544085411,3,3,5
ours,multi_low,cover_latency_seconds,lower,12.535319995503887,11.5746553329131,13.386276467934834,0.16513740308558914,0.7051090221470822,3,3,5
ours,multi_low,cover_latency_p90_seconds,lower,24.147111138237843,21.841202952914767,26.56024743482802,0.946032851240424,1.8253648695170894,3,3,5
ours,multi_low,strict_response_sla_success_rate,higher,0.18145700227057324,0.1516187781183146,0.21142575293875884,0.013041412607479177,0.018318690243124887,3,3,5
ours,multi_low,active_steam_mean,lower,2.2980625,2.238229166666667,2.3431050347222224,0.017157170209079576,0.01840913543220084,3,3,5
ours,multi_low,action_delta_mean,lower,0.025353604773400196,0.024064661589288407,0.026741405167876257,0.0006671191725949934,0.0008728176250544173,3,3,5
ours,multi_realistic,coverage_rate,higher,0.9006493850238878,0.8835932537538382,0.9220919313436317,0.011299602814231834,0.006928335669298191,3,3,5
ours,multi_realistic,cover_latency_seconds,lower,16.04035205655089,15.265243583663322,16.80690852746407,0.18748966424153177,0.2823206971772551,3,3,5
ours,multi_realistic,cover_latency_p90_seconds,lower,29.69588887532552,26.947175070868592,32.89102501763239,1.3562850535871354,1.9218838898222517,3,3,5
ours,multi_realistic,strict_response_sla_success_rate,higher,0.147353240386711,0.11453684749244628,0.1825509570476258,0.009453330363662771,0.017591113570927484,3,3,5
ours,multi_realistic,active_steam_mean,lower,2.84025,2.7935482638888898,2.885243923611111,0.01823418978412057,0.01641393008070976,3,3,5
ours,multi_realistic,action_delta_mean,lower,0.026077045711739653,0.025146585390739537,0.027235399726703316,0.00028445889979730494,0.0005622080361200413,3,3,5
ours,multi_hard,coverage_rate,higher,0.8696093499821506,0.8443015711070707,0.8936250823272933,0.0167656371961054,0.004016465936056667,3,3,5
ours,multi_hard,cover_latency_seconds,lower,19.58663826266317,17.72469770125565,21.714777474600933,0.8004002326105459,1.5782753148501367,3,3,5
ours,multi_hard,cover_latency_p90_seconds,lower,38.102777845594616,34.14488627285428,44.04568333943684,2.178709467628967,2.9546276300837717,3,3,5
ours,multi_hard,strict_response_sla_success_rate,higher,0.1272771988287098,0.09539453013404738,0.16312822198341098,0.013768317059570828,0.018012344783983524,3,3,5
ours,multi_hard,active_steam_mean,lower,3.4913958333333333,3.375381249999999,3.612237152777778,0.05328182734291304,0.0914047655387532,3,3,5
ours,multi_hard,action_delta_mean,lower,0.027697294922070542,0.02645941279795348,0.02889375379016017,0.00027860825408049293,0.0002355621885494945,3,3,5
ours,multi_extreme,coverage_rate,higher,0.8545737600631842,0.827769384476726,0.8812780901264861,0.0160779312546229,0.006701512284245388,3,3,5
ours,multi_extreme,cover_latency_seconds,lower,23.87839625483577,21.663159066685715,26.859219255752414,1.4111118657523816,0.7549864276046738,3,3,5
ours,multi_extreme,cover_latency_p90_seconds,lower,46.012666625976564,39.412600194295244,55.918307935926634,4.432908978741567,0.8223923678547581,3,3,5
ours,multi_extreme,strict_response_sla_success_rate,higher,0.10308932677866292,0.07428058605859965,0.13060025170554063,0.004810547938062687,0.005388353941170387,3,3,5
ours,multi_extreme,active_steam_mean,lower,3.806645833333334,3.631367534722221,4.0000491319444444,0.03712642042737237,0.110381395703085,3,3,5
ours,multi_extreme,action_delta_mean,lower,0.028921679583132534,0.026760875894732517,0.031759039268455164,0.0013051887243968115,0.0005480097359137198,3,3,5
no_attention,multi_low,coverage_rate,higher,0.9212326178950879,0.9064849806476837,0.9402662929054704,0.01012070962255567,0.006790155811468827,3,3,5
no_attention,multi_low,cover_latency_seconds,lower,12.680217374511077,11.955137540876194,13.508657582176507,0.24352094350894737,0.37876191346480514,3,3,5
no_attention,multi_low,cover_latency_p90_seconds,lower,24.49277770996094,22.57288344573975,26.39689981163873,0.3568116353519275,0.5317633272269248,3,3,5
no_attention,multi_low,strict_response_sla_success_rate,higher,0.180310713409187,0.14769148464171566,0.21110316673875013,0.002887021949185633,0.017735546604704375,3,3,5
no_attention,multi_low,active_steam_mean,lower,2.3075902777777775,2.2509302083333336,2.360557465277778,0.017908359669852693,0.012311324911024707,3,3,5
no_attention,multi_low,action_delta_mean,lower,0.025602340876006786,0.02439813214588523,0.0267489859558509,0.000531180461231199,0.0003169931141014484,3,3,5
no_attention,multi_realistic,coverage_rate,higher,0.905811427042175,0.8940693067251062,0.9177261614900473,0.004372829925312612,0.005434707474414636,3,3,5
no_attention,multi_realistic,cover_latency_seconds,lower,16.241712710035983,15.03002262683445,17.356012368553756,0.723436464574097,0.33032942734577386,3,3,5
no_attention,multi_realistic,cover_latency_p90_seconds,lower,30.62133324517144,27.92223879326715,33.49867531500922,1.538196763712264,1.4866853123019013,3,3,5
no_attention,multi_realistic,strict_response_sla_success_rate,higher,0.1415874847632303,0.09751114325306404,0.18394094050181292,0.022986556559204174,0.02859781715518413,3,3,5
no_attention,multi_realistic,active_steam_mean,lower,2.8495624999999998,2.784277604166666,2.9084409722222215,0.03988997454805466,0.027928573331506137,3,3,5
no_attention,multi_realistic,action_delta_mean,lower,0.0265435755403174,0.025175190060342835,0.027833499745855708,0.0006182124577170276,0.000445613932054129,3,3,5
no_attention,multi_hard,coverage_rate,higher,0.8838763937876406,0.8618536335291619,0.9056668925928912,0.01496556687010966,0.009127318031779342,3,3,5
no_attention,multi_hard,cover_latency_seconds,lower,19.445902296089336,18.03288352025014,21.0081173095303,0.5165318334901942,0.41454359206614577,3,3,5
no_attention,multi_hard,cover_latency_p90_seconds,lower,36.46077752007378,32.906663687811964,40.52230787150065,2.532155209940596,0.778864048871426,3,3,5
no_attention,multi_hard,strict_response_sla_success_rate,higher,0.12807313449626812,0.09451055692968682,0.16134289205546637,0.008715856462763183,0.01574009673862343,3,3,5
no_attention,multi_hard,active_steam_mean,lower,3.420402777777778,3.318359548611111,3.5273723958333325,0.028211997648918574,0.0373000591890859,3,3,5
no_attention,multi_hard,action_delta_mean,lower,0.027247809783495787,0.025166209779502707,0.02944572722182702,0.001241310422232912,0.0006576362138907034,3,3,5
no_attention,multi_extreme,coverage_rate,higher,0.8390171754802093,0.8151735727678042,0.8634425039744308,0.004487149166272982,0.006559536613669554,3,3,5
no_attention,multi_extreme,cover_latency_seconds,lower,24.827933144562092,22.825374976966334,26.997623187181084,0.27028646412974716,0.5961539457074974,3,3,5
no_attention,multi_extreme,cover_latency_p90_seconds,lower,49.31688910590279,43.65664733547636,55.97539215087888,2.042593582831291,2.655857158330691,3,3,5
no_attention,multi_extreme,strict_response_sla_success_rate,higher,0.08567014438825718,0.06187891054472764,0.11051419904832409,0.006742994824010917,0.003475283313048157,3,3,5
no_attention,multi_extreme,active_steam_mean,lower,3.7534791666666676,3.6022499999999997,3.8960913194444444,0.09007417612646366,0.06384563904449571,3,3,5
no_attention,multi_extreme,action_delta_mean,lower,0.028699690550537657,0.027028602901201206,0.03071304731068794,0.0012085462930371724,0.0006648851788482156,3,3,5
no_carry,multi_low,coverage_rate,higher,0.9151074173546492,0.9032417077248007,0.9279831086650594,0.004369406414172204,0.004880184868822735,3,3,5
no_carry,multi_low,cover_latency_seconds,lower,12.972438430955428,12.06689254439258,13.92741568209605,0.5005961523536,0.4756777472476413,3,3,5
no_carry,multi_low,cover_latency_p90_seconds,lower,24.750333285861547,23.167552630106613,26.295891414218477,0.45749588324733603,0.5706557825958037,3,3,5
no_carry,multi_low,strict_response_sla_success_rate,higher,0.16694152716582505,0.1319000974130524,0.20365892355246115,0.023959010764452903,0.007974137796667743,3,3,5
no_carry,multi_low,active_steam_mean,lower,2.313430555555556,2.263583159722222,2.3641671875000005,0.027293275503894335,0.015757732522773068,3,3,5
no_carry,multi_low,action_delta_mean,lower,0.025824031702883873,0.024003954066010996,0.027545436480453732,0.0005744560278851544,0.0015203350574535576,3,3,5
no_carry,multi_realistic,coverage_rate,higher,0.9029358178073595,0.8887714089713922,0.9219868647099841,0.0068282473754301175,0.009606490875606163,3,3,5
no_carry,multi_realistic,cover_latency_seconds,lower,15.726360552791721,14.626274547558873,16.793646293652014,0.7386323054972567,0.4725929155945517,3,3,5
no_carry,multi_realistic,cover_latency_p90_seconds,lower,29.30622233072917,26.373080677456326,32.104599980672205,1.7037112592759547,1.2207004156321777,3,3,5
no_carry,multi_realistic,strict_response_sla_success_rate,higher,0.146918985806886,0.11251975630615545,0.1787825057518948,0.02261698174388742,0.011812183785183797,3,3,5
no_carry,multi_realistic,active_steam_mean,lower,2.813673611111111,2.7342526041666666,2.873152951388889,0.04160762657398716,0.029096950409762224,3,3,5
no_carry,multi_realistic,action_delta_mean,lower,0.02625963903807075,0.02498252109226168,0.027288599203408165,0.0003114333425791691,0.000539617218972829,3,3,5
no_carry,multi_hard,coverage_rate,higher,0.8733127719864229,0.855586163433544,0.8915388995683308,0.008328238342248656,0.0038462771569776587,3,3,5
no_carry,multi_hard,cover_latency_seconds,lower,20.196866170463377,18.512478223534785,21.918512781754362,1.124969460148138,0.6803175704466107,3,3,5
no_carry,multi_hard,cover_latency_p90_seconds,lower,39.29900000678168,34.77827228461372,44.26690008544922,3.654203657443959,0.7303269572674163,3,3,5
no_carry,multi_hard,strict_response_sla_success_rate,higher,0.13271622007245318,0.10463828423742105,0.15758726782736446,0.009160852669345779,0.011834027123783696,3,3,5
no_carry,multi_hard,active_steam_mean,lower,3.514430555555555,3.3888123263888894,3.63280642361111,0.09307893466678556,0.04807601372893592,3,3,5
no_carry,multi_hard,action_delta_mean,lower,0.027355180852069408,0.026216368136235364,0.02858378753598291,0.00027541415931379233,0.0005868172256545879,3,3,5
no_carry,multi_extreme,coverage_rate,higher,0.8483301026781933,0.8249143347079824,0.8715765791925408,0.006042130355557255,0.003579865738103881,3,3,5
no_carry,multi_extreme,cover_latency_seconds,lower,23.329868607128017,21.314021223653896,25.709587518078795,1.413757306112238,1.225224941431886,3,3,5
no_carry,multi_extreme,cover_latency_p90_seconds,lower,44.06577806260851,38.806589296129026,50.00794478861489,3.6384061907659975,1.4283629016412742,3,3,5
no_carry,multi_extreme,strict_response_sla_success_rate,higher,0.07834914314600412,0.05493832655132683,0.100579809430418,0.00332495041110742,0.0058920076195225005,3,3,5
no_carry,multi_extreme,active_steam_mean,lower,3.775756944444445,3.630943229166667,3.9509536458333336,0.01887898152144518,0.08349392425638845,3,3,5
no_carry,multi_extreme,action_delta_mean,lower,0.02937967463218871,0.027476015254353035,0.031110586709285782,0.00027342463310016385,0.0009504213323795019,3,3,5
no_prediction,multi_low,coverage_rate,higher,0.9218259765570541,0.9076868439655033,0.9392328229873381,0.0074461281622952786,0.009202377006955961,3,3,5
no_prediction,multi_low,cover_latency_seconds,lower,13.021048458362484,12.122089187274089,14.017220817354739,0.20463396041166804,0.3052453700672532,3,3,5
no_prediction,multi_low,cover_latency_p90_seconds,lower,24.751666632758244,22.66533345031738,27.791564046223957,0.8859341650643834,1.6154733347230694,3,3,5
no_prediction,multi_low,strict_response_sla_success_rate,higher,0.1778153754873443,0.1418321061871326,0.2157599330525135,0.011488503743380648,0.015237975823279886,3,3,5
no_prediction,multi_low,active_steam_mean,lower,2.3183125,2.2528125,2.3822935763888893,0.012612531659469118,0.03272180587713838,3,3,5
no_prediction,multi_low,action_delta_mean,lower,0.02543210231422158,0.02434412719514503,0.026719455655900413,0.00021351550111294517,0.0005783796284362268,3,3,5
no_prediction,multi_realistic,coverage_rate,higher,0.9094657771439019,0.8879590505706862,0.9311607751018667,0.009930045371450104,0.006709875079720113,3,3,5
no_prediction,multi_realistic,cover_latency_seconds,lower,16.520387962066277,15.214347597003798,17.906018984671437,0.39109449507566385,0.4749858353788667,3,3,5
no_prediction,multi_realistic,cover_latency_p90_seconds,lower,29.95444458007813,27.113333264668785,33.0338000301785,1.366481518293893,1.4542714885337245,3,3,5
no_prediction,multi_realistic,strict_response_sla_success_rate,higher,0.13650913693754566,0.10668568556232763,0.1654688995636378,0.00390358311051085,0.006554764223689141,3,3,5
no_prediction,multi_realistic,active_steam_mean,lower,2.8446597222222225,2.786222048611111,2.902896354166667,0.020470383557941518,0.02315415142062562,3,3,5
no_prediction,multi_realistic,action_delta_mean,lower,0.025885203231647017,0.024610043554841,0.027152356647128506,0.00038152758409399934,0.00041236276630017126,3,3,5
no_prediction,multi_hard,coverage_rate,higher,0.8730508885754307,0.8502735980193081,0.8961965439126518,0.012019988335750955,0.010163746323453153,3,3,5
no_prediction,multi_hard,cover_latency_seconds,lower,19.558894469154097,17.805484472666596,21.623536939302515,0.12955455360629098,1.7909774693811875,3,3,5
no_prediction,multi_hard,cover_latency_p90_seconds,lower,35.72388885498047,31.77054722086589,39.6297002766927,1.503736259992088,2.691445933955276,3,3,5
no_prediction,multi_hard,strict_response_sla_success_rate,higher,0.11977707490118596,0.09257987068624382,0.15075246027490052,0.009589445529728515,0.014036739979104613,3,3,5
no_prediction,multi_hard,active_steam_mean,lower,3.4488055555555555,3.3250687499999994,3.5794930555555555,0.03455747234211345,0.1039768297951968,3,3,5
no_prediction,multi_hard,action_delta_mean,lower,0.0281951285741784,0.026171294984959504,0.030671533147299077,0.0006825952539978215,0.0016788313995411655,3,3,5
no_prediction,multi_extreme,coverage_rate,higher,0.8488460782501435,0.8267954281525572,0.8714616888939922,0.008970368935930425,0.0015999182054163281,3,3,5
no_prediction,multi_extreme,cover_latency_seconds,lower,22.428020454797732,20.183452236588455,24.764622433333578,0.26662488721743066,1.5416646992092684,3,3,5
no_prediction,multi_extreme,cover_latency_p90_seconds,lower,43.62333346896701,36.915908101399744,49.942221837361664,2.279568824381559,2.3865978351748085,3,3,5
no_prediction,multi_extreme,strict_response_sla_success_rate,higher,0.10202443716214248,0.07023003317343285,0.13288394809035317,0.015332337659851761,0.0065293049355041165,3,3,5
no_prediction,multi_extreme,active_steam_mean,lower,3.7323402777777774,3.5722682291666663,3.873111284722223,0.01169001260375392,0.13023542773658592,3,3,5
no_prediction,multi_extreme,action_delta_mean,lower,0.02789684068075492,0.02587640462626377,0.029599349433356466,0.0010880952400927743,0.001177419902589834,3,3,5
no_service_reward,multi_low,coverage_rate,higher,0.9261608371438556,0.9112211683609129,0.9410710000425424,0.006270629357342527,0.006957877787223364,3,3,5
no_service_reward,multi_low,cover_latency_seconds,lower,12.64647203160209,11.208991884622298,14.138184455990844,0.8286913606153353,0.8728144361240006,3,3,5
no_service_reward,multi_low,cover_latency_p90_seconds,lower,23.945111016167534,21.56146652730306,26.2687887802124,0.9001501783219352,1.8990336597672037,3,3,5
no_service_reward,multi_low,strict_response_sla_success_rate,higher,0.17633395560948506,0.13913878100812657,0.21249317427399206,0.019920677466524348,0.005810400326738156,3,3,5
no_service_reward,multi_low,active_steam_mean,lower,2.2890694444444444,2.186180208333334,2.375668055555555,0.04731658820832212,0.05802992647676002,3,3,5
no_service_reward,multi_low,action_delta_mean,lower,0.025748441597044976,0.02433244403495611,0.027232097898811015,0.0007544310003362544,0.0008160871909527272,3,3,5
no_service_reward,multi_realistic,coverage_rate,higher,0.9042331074987108,0.8871438625207783,0.9223036260334647,0.010789228996016465,0.0011487268535054094,3,3,5
no_service_reward,multi_realistic,cover_latency_seconds,lower,15.958697085438349,14.885874185876824,17.19527512403725,0.7755265729056895,0.2449841162289133,3,3,5
no_service_reward,multi_realistic,cover_latency_p90_seconds,lower,29.713222045898434,27.277097209506564,32.757707827250165,1.192068719374121,1.7467987031601286,3,3,5
no_service_reward,multi_realistic,strict_response_sla_success_rate,higher,0.1367384691522315,0.10965447978053107,0.16177215840843112,0.014377313049057455,0.012002627937142648,3,3,5
no_service_reward,multi_realistic,active_steam_mean,lower,2.8081249999999995,2.7340276041666662,2.8679999999999994,0.05252041187190408,0.021602348444864576,3,3,5
no_service_reward,multi_realistic,action_delta_mean,lower,0.025435819594807747,0.0242935971423429,0.026707228054840743,0.0006502803811762376,0.0005462800868853786,3,3,5
no_service_reward,multi_hard,coverage_rate,higher,0.862151155998346,0.837490843389572,0.8887358636176679,0.01695615369880547,0.013475045308273838,3,3,5
no_service_reward,multi_hard,cover_latency_seconds,lower,19.661105332956353,17.96178390937299,21.70652863633028,0.7772992859775955,0.8393849678199015,3,3,5
no_service_reward,multi_hard,cover_latency_p90_seconds,lower,38.00455569797092,33.81710856713189,43.59778375413679,1.3809019770443267,2.315059782918043,3,3,5
no_service_reward,multi_hard,strict_response_sla_success_rate,higher,0.12221321100145072,0.08708084542205202,0.1637914940814905,0.025898405435350803,0.016272671520808225,3,3,5
no_service_reward,multi_hard,active_steam_mean,lower,3.4498680555555565,3.3367776041666652,3.5453428819444435,0.047824959039981546,0.05106561229691891,3,3,5
no_service_reward,multi_hard,action_delta_mean,lower,0.027623338414256828,0.025943386401538076,0.02961039059555447,0.0008455466255434176,0.0007521154906512212,3,3,5
no_service_reward,multi_extreme,coverage_rate,higher,0.848995397369269,0.8133436178875669,0.8745981537300505,0.014429373447550508,0.01782086406803742,3,3,5
no_service_reward,multi_extreme,cover_latency_seconds,lower,22.76693039519728,19.79549212696047,25.599573462757572,0.9749716562210189,0.8796906539011845,3,3,5
no_service_reward,multi_extreme,cover_latency_p90_seconds,lower,41.29044440375434,34.70722186279298,47.941969362046954,3.056489339872298,1.8691831651183226,3,3,5
no_service_reward,multi_extreme,strict_response_sla_success_rate,higher,0.10267132622540055,0.07283756153830474,0.13487689823886576,0.007733461877368428,0.00645571005841146,3,3,5
no_service_reward,multi_extreme,active_steam_mean,lower,3.7290833333333335,3.5267484374999998,3.931568055555554,0.08130909175964117,0.11631425382282679,3,3,5
no_service_reward,multi_extreme,action_delta_mean,lower,0.02855866412516237,0.026808207069224602,0.030447307358270063,0.00034995056829069274,0.0011851861495964068,3,3,5
no_residual,multi_low,coverage_rate,higher,0.8379469131750557,0.7120224182174953,0.9152737861119725,0.10234897637021967,0.020099061399858686,3,3,5
no_residual,multi_low,cover_latency_seconds,lower,17.053104286990674,14.419525397111789,21.647332792784034,1.929402228954361,2.513772123924686,3,3,5
no_residual,multi_low,cover_latency_p90_seconds,lower,36.49222239176433,29.383405864291724,47.870561470879444,4.930663669505272,5.67733980833399,3,3,5
no_residual,multi_low,strict_response_sla_success_rate,higher,0.16192450590990212,0.10098760622799524,0.21746541103887787,0.034267191443898344,0.015380721986000387,3,3,5
no_residual,multi_low,active_steam_mean,lower,2.5823750000000003,2.427540104166666,2.749626736111111,0.16778146050616938,0.030506943654046013,3,3,5
no_residual,multi_low,action_delta_mean,lower,0.022264428243241558,0.020027544563941457,0.024105702948181755,0.0021035250002179933,0.0005229011241681879,3,3,5
no_residual,multi_realistic,coverage_rate,higher,0.7764603213563749,0.6674181428951166,0.864501431422983,0.09804481556012622,0.007131613669686938,3,3,5
no_residual,multi_realistic,cover_latency_seconds,lower,23.350106204031302,18.701554415461754,29.242910409176798,2.7583650386438325,2.2685131502512417,3,3,5
no_residual,multi_realistic,cover_latency_p90_seconds,lower,48.834889289008245,35.83942521158855,64.55965978325732,7.521745694057908,7.032601515413185,3,3,5
no_residual,multi_realistic,strict_response_sla_success_rate,higher,0.12155073542547298,0.06725798626660695,0.1681150489316898,0.011215706945877741,0.03340104663390524,3,3,5
no_residual,multi_realistic,active_steam_mean,lower,3.086777777777778,2.9488281249999995,3.251764062500001,0.11629072116340017,0.048511964863873464,3,3,5
no_residual,multi_realistic,action_delta_mean,lower,0.021162519051518922,0.019005364143843625,0.023346514933917473,0.0022652738995018735,0.0003604163750564458,3,3,5
no_residual,multi_hard,coverage_rate,higher,0.7259950454299177,0.5896538019428943,0.8374154785488611,0.12486245542657722,0.018270133575699628,3,3,5
no_residual,multi_hard,cover_latency_seconds,lower,24.963639391740017,19.25252330268201,32.15947870670996,5.171766417259986,1.5117084145754147,3,3,5
no_residual,multi_hard,cover_latency_p90_seconds,lower,51.66433320363363,36.506521927621634,68.44700815412736,12.904873699336736,4.788661928299789,3,3,5
no_residual,multi_hard,strict_response_sla_success_rate,higher,0.11106114275787178,0.06638024902538969,0.15043766891987384,0.01562988920501174,0.0061649840092514955,3,3,5
no_residual,multi_hard,active_steam_mean,lower,3.651006944444444,3.429374479166667,3.9812901041666655,0.11719527813693108,0.18330337389362725,3,3,5
no_residual,multi_hard,action_delta_mean,lower,0.02184719666633547,0.01990779471225499,0.023594781812139646,0.001837122384824494,0.0003264864662720015,3,3,5
no_residual,multi_extreme,coverage_rate,higher,0.6865025334184486,0.5850246512746513,0.7925829500782275,0.09641938445050112,0.025781123661116748,3,3,5
no_residual,multi_extreme,cover_latency_seconds,lower,30.966841289582266,23.836519153787247,39.87053151588119,1.7553778657525185,3.178709108345919,3,3,5
no_residual,multi_extreme,cover_latency_p90_seconds,lower,62.545332845052094,47.061088828192815,79.22957478671603,3.3901930612728948,4.077802412401509,3,3,5
no_residual,multi_extreme,strict_response_sla_success_rate,higher,0.09177359314199177,0.04451373603899179,0.13771643572240327,0.015216182413233456,0.0286915949204507,3,3,5
no_residual,multi_extreme,active_steam_mean,lower,3.853861111111111,3.501727604166667,4.225009548611111,0.23192620946700135,0.21264931879402924,3,3,5
no_residual,multi_extreme,action_delta_mean,lower,0.02192997212703094,0.019837105331094014,0.02415842833006573,0.0020686946072938305,0.0006236065862994836,3,3,5
vanilla_lstm_ppo,multi_low,coverage_rate,higher,0.16555555555555557,0.06666666666666667,0.28555555555555556,0.09142898478742535,0.02009237924447235,3,3,5
vanilla_lstm_ppo,multi_low,cover_latency_seconds,lower,5.149074074074075,0.22333333333333336,12.369513888888882,4.829855528260479,1.926534688332861,3,3,5
vanilla_lstm_ppo,multi_low,cover_latency_p90_seconds,lower,6.817222188313802,0.2166666666666667,18.42655573357475,7.523643109249228,2.943891210525514,3,3,5
vanilla_lstm_ppo,multi_low,strict_response_sla_success_rate,higher,0.09296296296296294,0.03111111111111111,0.16666666666666666,0.009449889497905985,0.00819012755092443,3,3,5
vanilla_lstm_ppo,multi_low,active_steam_mean,lower,2.9658472222222225,2.9425347222222222,2.9856458333333333,0.010875006651764546,0.0041462695192094395,3,3,5
vanilla_lstm_ppo,multi_low,action_delta_mean,lower,4.508882839561846e-05,3.868159527289004e-05,5.291888641751598e-05,7.686329314607475e-06,9.337922293207825e-07,3,3,5
vanilla_lstm_ppo,multi_realistic,coverage_rate,higher,0.12962962962962962,0.04840873015873016,0.2344457671957671,0.06797772324430111,0.021782690300048327,3,3,5
vanilla_lstm_ppo,multi_realistic,cover_latency_seconds,lower,4.326388888888889,0.3066666666666667,11.7595347222222,3.449775030686157,2.099938289069761,3,3,5
vanilla_lstm_ppo,multi_realistic,cover_latency_p90_seconds,lower,5.188777762518989,0.4086944444444446,12.818888888888889,4.10145301085702,2.4144976214008644,3,3,5
vanilla_lstm_ppo,multi_realistic,strict_response_sla_success_rate,higher,0.060582010582010584,0.013333333333333336,0.1161904761904762,0.0065836351114531835,0.022324217932711866,3,3,5
vanilla_lstm_ppo,multi_realistic,active_steam_mean,lower,3.2376875000000003,3.0532637152777773,3.4579390624999995,0.014679430407319068,0.10441081596072023,3,3,5
vanilla_lstm_ppo,multi_realistic,action_delta_mean,lower,4.566649152846821e-05,3.935394231151969e-05,5.3075493747048864e-05,7.146579493231001e-06,7.338588762896062e-07,3,3,5
vanilla_lstm_ppo,multi_hard,coverage_rate,higher,0.08917989417989419,0.025396825396825397,0.18108465608465607,0.0496035132263574,0.03515795381755418,3,3,5
vanilla_lstm_ppo,multi_hard,cover_latency_seconds,lower,2.8916666666666675,0.044444444444444446,8.12645370370369,2.0851552773988318,3.0285121943144153,3,3,5
vanilla_lstm_ppo,multi_hard,cover_latency_p90_seconds,lower,3.728555535210504,0.07111111111111111,10.460355506049252,2.71127522516505,3.9856242203088144,3,3,5
vanilla_lstm_ppo,multi_hard,strict_response_sla_success_rate,higher,0.0446031746031746,0.007407407407407407,0.09957671957671958,0.017433601494622912,0.021303574292869294,3,3,5
vanilla_lstm_ppo,multi_hard,active_steam_mean,lower,3.6350694444444445,3.117145833333333,4.266098958333334,0.18396204971393842,0.28530338714098763,3,3,5
vanilla_lstm_ppo,multi_hard,action_delta_mean,lower,4.781486895107022e-05,4.081756805854704e-05,5.541657176504543e-05,7.335379543807449e-06,1.4066441436597401e-06,3,3,5
vanilla_lstm_ppo,multi_extreme,coverage_rate,higher,0.06071428571428571,0.016666666666666666,0.11455026455026456,0.02867870073834072,0.007349309197401643,3,3,5
vanilla_lstm_ppo,multi_extreme,cover_latency_seconds,lower,3.353333333333334,0.010000000000000002,9.546749999999994,2.8551916650978866,3.0140038892550294,3,3,5
vanilla_lstm_ppo,multi_extreme,cover_latency_p90_seconds,lower,4.106222195095486,0.010000000000000002,11.932999877929689,3.7864487939794156,3.468111286555704,3,3,5
vanilla_lstm_ppo,multi_extreme,strict_response_sla_success_rate,higher,0.02433862433862434,0.0,0.060846560846560836,0.011482822441381326,0.016972502573910517,3,3,5
vanilla_lstm_ppo,multi_extreme,active_steam_mean,lower,3.4981041666666663,3.078824652777777,4.0281960069444445,0.3405490569011312,0.08486355725925175,3,3,5
vanilla_lstm_ppo,multi_extreme,action_delta_mean,lower,4.657092626866048e-05,3.991170017666795e-05,5.2764202387652723e-05,6.5175931218203124e-06,1.8820107329900388e-07,3,3,5
horizon2,multi_low,coverage_rate,higher,0.9187935865271795,0.9059978339698862,0.932106512296411,0.0,0.004025595321399103,0,3,5
horizon2,multi_low,cover_latency_seconds,lower,12.157531178711327,11.545519591506729,12.9787751000699,0.0,0.25521707063461635,0,3,5
horizon2,multi_low,cover_latency_p90_seconds,lower,23.71833363850912,22.09733356984457,25.676333719889325,0.0,1.304293866805779,0,3,5
horizon2,multi_low,strict_response_sla_success_rate,higher,0.1912696714977026,0.1624575509075648,0.22355041230475742,0.0,0.024871302913680976,0,3,5
horizon2,multi_low,active_steam_mean,lower,2.281625,2.2233119791666667,2.340396875,0.0,0.02402570238307318,0,3,5
horizon2,multi_low,action_delta_mean,lower,0.025488461590572564,0.024364862266354127,0.02650949511163846,0.0,0.0007401079136734027,0,3,5
horizon2,multi_realistic,coverage_rate,higher,0.8959465827699431,0.8827605213625118,0.9099209579226145,0.0,0.008763686243298029,0,3,5
horizon2,multi_realistic,cover_latency_seconds,lower,16.524169473157006,14.801911321398123,18.359479790175765,0.0,1.0027315159288677,0,3,5
horizon2,multi_realistic,cover_latency_p90_seconds,lower,29.449999796549477,26.386274688720704,33.53401650492349,0.0,2.376409738166467,0,3,5
horizon2,multi_realistic,strict_response_sla_success_rate,higher,0.13114602435663963,0.09396332047957301,0.1719828322087619,0.0,0.003200792394206134,0,3,5
horizon2,multi_realistic,active_steam_mean,lower,2.818104166666666,2.726207291666667,2.9185015625000004,0.0,0.04675761691514374,0,3,5
horizon2,multi_realistic,action_delta_mean,lower,0.025839254025637515,0.02482522396229174,0.026848960308130623,0.0,0.00044059225598781847,0,3,5
horizon2,multi_hard,coverage_rate,higher,0.869710100301625,0.8465162657113393,0.8942131742721072,0.0,0.019259057026597352,0,3,5
horizon2,multi_hard,cover_latency_seconds,lower,19.225678284299768,17.95834732951523,20.447436102023545,0.0,0.7785474514815388,0,3,5
horizon2,multi_hard,cover_latency_p90_seconds,lower,35.43833374023438,33.31265909830729,38.144508707682284,0.0,1.5648012980752177,0,3,5
horizon2,multi_hard,strict_response_sla_success_rate,higher,0.12082100058227531,0.08626758852858514,0.15137644351888246,0.0,0.0279074270624212,0,3,5
horizon2,multi_hard,active_steam_mean,lower,3.432562500000001,3.326395833333334,3.5536078125,0.0,0.09278259198254844,0,3,5
horizon2,multi_hard,action_delta_mean,lower,0.027424806108192874,0.026221154159492926,0.028669007202284033,0.0,0.0008803646810138177,0,3,5
horizon2,multi_extreme,coverage_rate,higher,0.8162744563968146,0.7815006892748828,0.8494982990827817,0.0,0.02632549716874861,0,3,5
horizon2,multi_extreme,cover_latency_seconds,lower,21.375560647628006,19.18708323169434,24.06261465449223,0.0,1.6759345220512802,0,3,5
horizon2,multi_extreme,cover_latency_p90_seconds,lower,39.92433349609375,34.49232524108886,45.31969195556642,0.0,3.68715467631836,0,3,5
horizon2,multi_extreme,strict_response_sla_success_rate,higher,0.1284514645189469,0.08765209792987881,0.1608497103563844,0.0,0.024911647821288123,0,3,5
horizon2,multi_extreme,active_steam_mean,lower,3.545125,3.3809578125,3.7046458333333327,0.0,0.11451939314478583,0,3,5
horizon2,multi_extreme,action_delta_mean,lower,0.02773938021683052,0.02591829668677525,0.029559406329860087,0.0,0.0008295261298481097,0,3,5
horizon3,multi_low,coverage_rate,higher,0.9165125456752143,0.903032729617334,0.9353614560685026,0.0,0.009211032162841097,0,3,5
horizon3,multi_low,cover_latency_seconds,lower,13.523361656011195,12.094455883436487,15.426902064386228,0.0,1.4406794482213143,0,3,5
horizon3,multi_low,cover_latency_p90_seconds,lower,24.78533335367839,22.05,27.595674944559732,0.0,1.9046975583108454,0,3,5
horizon3,multi_low,strict_response_sla_success_rate,higher,0.15514192741291694,0.11712081816234737,0.18594487428904594,0.0,0.016923920129706383,0,3,5
horizon3,multi_low,active_steam_mean,lower,2.3441041666666664,2.2817078125,2.4114375,0.0,0.04778411466777764,0,3,5
horizon3,multi_low,action_delta_mean,lower,0.025288772447904746,0.02340894045424857,0.02685140620719686,0.0,0.0013010166230096518,0,3,5
horizon3,multi_realistic,coverage_rate,higher,0.9271055428506945,0.9045019157088122,0.9544869961332697,0.0,0.024925985184577434,0,3,5
horizon3,multi_realistic,cover_latency_seconds,lower,15.614567726441292,14.288048407850134,17.49129703884876,0.0,1.0903296573552663,0,3,5
horizon3,multi_realistic,cover_latency_p90_seconds,lower,28.974999999999998,26.02699971516927,32.74705022684733,0.0,2.228055237816446,0,3,5
horizon3,multi_realistic,strict_response_sla_success_rate,higher,0.15343245939754138,0.11135206430322986,0.19512618690654673,0.0,0.03382420277392151,0,3,5
horizon3,multi_realistic,active_steam_mean,lower,2.7828541666666666,2.700622395833333,2.8513994791666666,0.0,0.029290459019676408,0,3,5
horizon3,multi_realistic,action_delta_mean,lower,0.027657784563446246,0.026820391986219046,0.028458811117815532,0.0,8.007884568654064e-05,0,3,5
horizon3,multi_hard,coverage_rate,higher,0.8604652095312838,0.820965719207555,0.8904307514404244,0.0,0.022329131657721064,0,3,5
horizon3,multi_hard,cover_latency_seconds,lower,21.647139302868204,19.590323707134964,23.86447941667517,0.0,0.7546710621728848,0,3,5
horizon3,multi_hard,cover_latency_p90_seconds,lower,40.03466654459635,35.762991541544594,44.64744190470377,0.0,2.1019591847578862,0,3,5
horizon3,multi_hard,strict_response_sla_success_rate,higher,0.11905169588502967,0.07924402304975302,0.16391862909523724,0.0,0.03477617898179353,0,3,5
horizon3,multi_hard,active_steam_mean,lower,3.5302291666666665,3.3743125,3.693126041666666,0.0,0.08986485802767001,0,3,5
horizon3,multi_hard,action_delta_mean,lower,0.030144032247710766,0.028370929875437847,0.032350316076849475,0.0,0.0014287760297081189,0,3,5
horizon3,multi_extreme,coverage_rate,higher,0.8408144791142009,0.761589951568899,0.9083152044049658,0.0,0.05999653055684205,0,3,5
horizon3,multi_extreme,cover_latency_seconds,lower,22.603752185387712,19.042723969155848,26.542110580190997,0.0,2.278876174769101,0,3,5
horizon3,multi_extreme,cover_latency_p90_seconds,lower,42.62400039672852,33.46662500254314,56.214334309895825,0.0,9.072948053247247,0,3,5
horizon3,multi_extreme,strict_response_sla_success_rate,higher,0.08544132971885733,0.043255885926938555,0.1389398100824497,0.0,0.04108308805135154,0,3,5
horizon3,multi_extreme,active_steam_mean,lower,3.567708333333333,3.4303697916666662,3.7015640624999993,0.0,0.0845760644454645,0,3,5
horizon3,multi_extreme,action_delta_mean,lower,0.027671754398412733,0.02430582994345264,0.03086481204215246,0.0,0.002810284144043454,0,3,5
nearest,multi_low,coverage_rate,higher,0.9215523098518091,0.9061781360903648,0.9384992278763135,0.0,0.010780263676098628,0,3,5
nearest,multi_low,cover_latency_seconds,lower,13.014127018745409,12.078666865675833,13.86231275158005,0.0,0.5829952211153949,0,3,5
nearest,multi_low,cover_latency_p90_seconds,lower,29.513666585286455,26.706000058492027,32.468416765848794,0.0,0.871983983268997,0,3,5
nearest,multi_low,strict_response_sla_success_rate,higher,0.2118874196808012,0.18669869821270682,0.24047619047619043,0.0,0.016070954001819262,0,3,5
nearest,multi_low,active_steam_mean,lower,2.3306249999999995,2.271914583333333,2.3858958333333335,0.0,0.014854371200088272,0,3,5
nearest,multi_low,action_delta_mean,lower,0.02879772797712852,0.026977539189681682,0.030554654558519006,0.0,0.0017364018334726171,0,3,5
nearest,multi_realistic,coverage_rate,higher,0.8870245985115285,0.8689165601403089,0.9086419629699803,0.0,0.015652577763454564,0,3,5
nearest,multi_realistic,cover_latency_seconds,lower,16.46641216180662,15.203153574054722,18.25344210898015,0.0,1.0649170141583173,0,3,5
nearest,multi_realistic,cover_latency_p90_seconds,lower,35.00233317057292,31.524599675496415,39.171674199422206,0.0,1.4709850726586042,0,3,5
nearest,multi_realistic,strict_response_sla_success_rate,higher,0.1238157135885167,0.07525028161802357,0.1729936257069877,0.0,0.04529345307119671,0,3,5
nearest,multi_realistic,active_steam_mean,lower,2.8715625000000005,2.826499479166667,2.9215421875000005,0.0,0.02216072327903598,0,3,5
nearest,multi_realistic,action_delta_mean,lower,0.030543362599970075,0.029105120515568655,0.0320447661494908,0.0,0.000997241543924849,0,3,5
nearest,multi_hard,coverage_rate,higher,0.8595023678153725,0.8310079226121203,0.8901509226776189,0.0,0.026430569259358015,0,3,5
nearest,multi_hard,cover_latency_seconds,lower,20.52895651969016,16.415597607545433,25.015190612347645,0.0,4.473002406386804,0,3,5
nearest,multi_hard,cover_latency_p90_seconds,lower,43.06666687011719,35.83866739908855,50.81434182739257,0.0,6.811125430986973,0,3,5
nearest,multi_hard,strict_response_sla_success_rate,higher,0.11166801484265329,0.07661332914397431,0.14512786796073782,0.0,0.026236821916305848,0,3,5
nearest,multi_hard,active_steam_mean,lower,3.4798749999999994,3.319979166666667,3.6615640625000005,0.0,0.13998935506405494,0,3,5
nearest,multi_hard,action_delta_mean,lower,0.03223935540233523,0.030218622499892992,0.033804053650499336,0.0,0.0011291993695927436,0,3,5
nearest,multi_extreme,coverage_rate,higher,0.7891769891141088,0.719455473284885,0.8495507388205662,0.0,0.04974635584555556,0,3,5
nearest,multi_extreme,cover_latency_seconds,lower,21.4398481542612,18.99418262876415,24.068765951178456,0.0,1.4506292177686926,0,3,5
nearest,multi_extreme,cover_latency_p90_seconds,lower,40.71766662597656,34.0995084177653,48.014683400472,0.0,4.779541546714427,0,3,5
nearest,multi_extreme,strict_response_sla_success_rate,higher,0.0991092366427052,0.055630752471928946,0.1442538113227768,0.0,0.023523482556323284,0,3,5
nearest,multi_extreme,active_steam_mean,lower,3.723541666666667,3.494144270833334,3.9978802083333336,0.0,0.13026796801049467,0,3,5
nearest,multi_extreme,action_delta_mean,lower,0.02904427057561135,0.026432579192546875,0.03173828799609982,0.0,0.0019495942280059431,0,3,5
oldest,multi_low,coverage_rate,higher,0.9140517502725511,0.9020049628087378,0.9261886116795393,0.0,0.00370373436570662,0,3,5
oldest,multi_low,cover_latency_seconds,lower,13.430629494623052,12.15785764298464,14.811399063899062,0.0,1.0993618226143071,0,3,5
oldest,multi_low,cover_latency_p90_seconds,lower,24.375333455403645,22.189649881998704,27.03434133911133,0.0,2.3721386894006296,0,3,5
oldest,multi_low,strict_response_sla_success_rate,higher,0.171592389040943,0.13184747389955723,0.21490467949753722,0.0,0.012445278372893293,0,3,5
oldest,multi_low,active_steam_mean,lower,2.347645833333333,2.2816875,2.4124604166666663,0.0,0.04338064324480833,0,3,5
oldest,multi_low,action_delta_mean,lower,0.01639303376003865,0.015814275832583585,0.016975438152094617,0.0,0.0005038187614220819,0,3,5
oldest,multi_realistic,coverage_rate,higher,0.8899816279931222,0.8682871296434513,0.9192868164402647,0.0,0.01373375710271523,0,3,5
oldest,multi_realistic,cover_latency_seconds,lower,18.63004145862032,16.33729657687991,21.606905452458758,0.0,2.557972557984558,0,3,5
oldest,multi_realistic,cover_latency_p90_seconds,lower,32.35166656494141,28.689975001017253,36.87368324788412,0.0,3.2013435303720175,0,3,5
oldest,multi_realistic,strict_response_sla_success_rate,higher,0.10578840954703024,0.0676300318455491,0.138562415617588,0.0,0.0286638711052568,0,3,5
oldest,multi_realistic,active_steam_mean,lower,2.8931250000000004,2.820603125,2.9595000000000007,0.0,0.06311485066923624,0,3,5
oldest,multi_realistic,action_delta_mean,lower,0.016518756343284653,0.016042432005986096,0.01700692453497241,0.0,0.00010243378319132482,0,3,5
oldest,multi_hard,coverage_rate,higher,0.882762427925059,0.857594450637929,0.9052873336341076,0.0,0.018750106756825913,0,3,5
oldest,multi_hard,cover_latency_seconds,lower,18.49617365898409,17.052075549860746,20.368690138424377,0.0,1.5548777628603025,0,3,5
oldest,multi_hard,cover_latency_p90_seconds,lower,33.99000020345052,32.192625157674144,35.929691736857094,0.0,0.5895646018885816,0,3,5
oldest,multi_hard,strict_response_sla_success_rate,higher,0.1181158460744166,0.08042409765808722,0.16345654872220328,0.0,0.026819061141408997,0,3,5
oldest,multi_hard,active_steam_mean,lower,3.4072291666666663,3.291247916666667,3.5291666666666655,0.0,0.09933342946024415,0,3,5
oldest,multi_hard,action_delta_mean,lower,0.01653617301327346,0.01602515582570677,0.017218694456721532,0.0,0.0005616022054613495,0,3,5
oldest,multi_extreme,coverage_rate,higher,0.8067548279793012,0.7409295632307231,0.8565201862619393,0.0,0.031804983832332955,0,3,5
oldest,multi_extreme,cover_latency_seconds,lower,25.41217571366256,23.015821323096986,27.904548175995547,0.0,0.44928842875631186,0,3,5
oldest,multi_extreme,cover_latency_p90_seconds,lower,43.54466654459635,37.79560023498535,50.30213323465981,0.0,4.969981034334918,0,3,5
oldest,multi_extreme,strict_response_sla_success_rate,higher,0.0722726068284539,0.042970414792603696,0.10246319781958825,0.0,0.016493057328914235,0,3,5
oldest,multi_extreme,active_steam_mean,lower,3.9543125000000003,3.700415104166667,4.417966145833332,0.0,0.2702112960837318,0,3,5
oldest,multi_extreme,action_delta_mean,lower,0.016959894391833083,0.016538566367968924,0.017369350558471552,0.0,6.632289388990458e-05,0,3,5
distance_age,multi_low,coverage_rate,higher,0.9207599714875773,0.9035495748843912,0.9400656814449917,0.0,0.015646359786106626,0,3,5
distance_age,multi_low,cover_latency_seconds,lower,12.951513066064024,12.1815107688193,13.842708057830302,0.0,0.27062168497910116,0,3,5
distance_age,multi_low,cover_latency_p90_seconds,lower,24.367000020345053,22.446991785685228,26.73741660563151,0.0,0.6131075854333664,0,3,5
distance_age,multi_low,strict_response_sla_success_rate,higher,0.16530571335648872,0.1345378785808839,0.19455185824884175,0.0,0.0012951082640325457,0,3,5
distance_age,multi_low,active_steam_mean,lower,2.3080208333333334,2.2438947916666665,2.3713755208333334,0.0,0.027948357323523087,0,3,5
distance_age,multi_low,action_delta_mean,lower,0.020830450055009372,0.01976048274370844,0.02213717515015591,0.0,0.0010684802352875812,0,3,5
distance_age,multi_realistic,coverage_rate,higher,0.8956647077225497,0.8841114262082004,0.9090471646241947,0.0,0.008020698532421214,0,3,5
distance_age,multi_realistic,cover_latency_seconds,lower,16.35504833605523,15.459240258445975,17.23669918613928,0.0,0.05936722492785507,0,3,5
distance_age,multi_realistic,cover_latency_p90_seconds,lower,30.165666503906255,27.952333371480307,33.266341641743985,0.0,2.1855125019452246,0,3,5
distance_age,multi_realistic,strict_response_sla_success_rate,higher,0.14192042621408582,0.1202188576779789,0.16438365039977942,0.0,0.00765068511176839,0,3,5
distance_age,multi_realistic,active_steam_mean,lower,2.8364583333333333,2.788041666666667,2.8813541666666667,0.0,0.027164166232066408,0,3,5
distance_age,multi_realistic,action_delta_mean,lower,0.022571680420199934,0.021783141201535766,0.023463525483954053,0.0,0.0004036945692944724,0,3,5
distance_age,multi_hard,coverage_rate,higher,0.851308205135302,0.7964103041017468,0.8879680828927711,0.0,0.019854755391324197,0,3,5
distance_age,multi_hard,cover_latency_seconds,lower,18.971093643441453,15.628717497138208,22.480183998141094,0.0,2.8788462789885756,0,3,5
distance_age,multi_hard,cover_latency_p90_seconds,lower,35.80233327229818,30.435333048502603,41.300007924397796,0.0,2.6726121865240327,0,3,5
distance_age,multi_hard,strict_response_sla_success_rate,higher,0.1309388238167641,0.08635020501445183,0.1840343003101619,0.0,0.045345990770651386,0,3,5
distance_age,multi_hard,active_steam_mean,lower,3.5636666666666668,3.372708333333333,3.8923786458333334,0.0,0.21421568728056123,0,3,5
distance_age,multi_hard,action_delta_mean,lower,0.023810362291851014,0.02168238901197405,0.02569628174004445,0.0,0.001542285982684162,0,3,5
distance_age,multi_extreme,coverage_rate,higher,0.8010779496699801,0.6871913033203356,0.8638568196509372,0.0,0.06515869985927007,0,3,5
distance_age,multi_extreme,cover_latency_seconds,lower,21.30529750052685,17.919473083426233,25.62113804713804,0.0,3.9972483067166795,0,3,5
distance_age,multi_extreme,cover_latency_p90_seconds,lower,40.404333394368486,32.794625172932946,49.506333414713545,0.0,8.561509999737561,0,3,5
distance_age,multi_extreme,strict_response_sla_success_rate,higher,0.09846910711047331,0.054696184587076424,0.1485998818385915,0.0,0.036792332885363176,0,3,5
distance_age,multi_extreme,active_steam_mean,lower,3.857895833333333,3.6259145833333335,4.125523958333333,0.0,0.19579914706040805,0,3,5
distance_age,multi_extreme,action_delta_mean,lower,0.026281481410708584,0.023332290583457167,0.029353088535392542,0.0,0.002555082899862031,0,3,5
risk_aware,multi_low,coverage_rate,higher,0.9235484220972726,0.9022929831981554,0.953020130146567,0.0,0.0234006587880926,0,3,5
risk_aware,multi_low,cover_latency_seconds,lower,13.48906872757936,12.395267423248848,14.622372116949407,0.0,0.606801239056361,0,3,5
risk_aware,multi_low,cover_latency_p90_seconds,lower,24.090666402180993,22.023333330790205,26.2746828994751,0.0,0.9849985611493655,0,3,5
risk_aware,multi_low,strict_response_sla_success_rate,higher,0.19360050007463797,0.14766976797946624,0.24851012931034466,0.0,0.030528559744923318,0,3,5
risk_aware,multi_low,active_steam_mean,lower,2.326520833333333,2.2461041666666666,2.4005,0.0,0.05226668144796762,0,3,5
risk_aware,multi_low,action_delta_mean,lower,0.02308406060998959,0.021584660284543346,0.02473962339131948,0.0,0.0009307799467395709,0,3,5
risk_aware,multi_realistic,coverage_rate,higher,0.9005329618007974,0.8853970006167633,0.9183712916765573,0.0,0.01038698678043147,0,3,5
risk_aware,multi_realistic,cover_latency_seconds,lower,16.178214505317893,14.990523753043485,17.33414043202369,0.0,0.7092924383315068,0,3,5
risk_aware,multi_realistic,cover_latency_p90_seconds,lower,31.087333170572922,27.392291295369464,36.106391743977866,0.0,4.048025589405961,0,3,5
risk_aware,multi_realistic,strict_response_sla_success_rate,higher,0.13829682994288547,0.11922941367769388,0.15702748506676387,0.0,0.006758108378684917,0,3,5
risk_aware,multi_realistic,active_steam_mean,lower,2.8335625,2.7726651041666663,2.8886249999999998,0.0,0.03987044448899437,0,3,5
risk_aware,multi_realistic,action_delta_mean,lower,0.022902766787421012,0.021064144256822463,0.02455454660331258,0.0,0.0013281835483121905,0,3,5
risk_aware,multi_hard,coverage_rate,higher,0.8355188249082112,0.7776221599751013,0.8755542419360355,0.0,0.04709526876006058,0,3,5
risk_aware,multi_hard,cover_latency_seconds,lower,18.291783629623662,15.20066086205988,21.700443697014617,0.0,3.0034826199824334,0,3,5
risk_aware,multi_hard,cover_latency_p90_seconds,lower,35.428666890462246,29.207999979654947,42.19033325195313,0.0,5.9863078752155605,0,3,5
risk_aware,multi_hard,strict_response_sla_success_rate,higher,0.13066628786257942,0.08194348592899317,0.19438448672762396,0.0,0.05657653476487642,0,3,5
risk_aware,multi_hard,active_steam_mean,lower,3.5012708333333338,3.2313536458333334,3.8284609375000005,0.0,0.3058070542467641,0,3,5
risk_aware,multi_hard,action_delta_mean,lower,0.026096634604703416,0.02400455771261942,0.02923846894371649,0.0,0.0016920140777880656,0,3,5
risk_aware,multi_extreme,coverage_rate,higher,0.8631591152582762,0.8328620306085982,0.8923684389035266,0.0,0.016181393331939055,0,3,5
risk_aware,multi_extreme,cover_latency_seconds,lower,26.939859648179134,23.577042464685086,31.80684524304287,0.0,2.8415629147593435,0,3,5
risk_aware,multi_extreme,cover_latency_p90_seconds,lower,53.14833292643229,44.072324839274096,63.67367469278971,0.0,7.2261987182001235,0,3,5
risk_aware,multi_extreme,strict_response_sla_success_rate,higher,0.1170593282187485,0.07520436769349813,0.15995380237046902,0.0,0.018487294190631335,0,3,5
risk_aware,multi_extreme,active_steam_mean,lower,3.7449791666666665,3.501517708333333,4.020354166666666,0.0,0.16598887308968482,0,3,5
risk_aware,multi_extreme,action_delta_mean,lower,0.026660856016813502,0.0252612529797335,0.028407930288449196,0.0,0.0011387228421698005,0,3,5
dynamic_weighted,multi_low,coverage_rate,higher,0.9266755354763924,0.9114688243951717,0.9417208970323812,0.0,0.002532884094454348,0,3,5
dynamic_weighted,multi_low,cover_latency_seconds,lower,13.706121614290554,12.622656077846711,14.868128639657444,0.0,0.4202411867676956,0,3,5
dynamic_weighted,multi_low,cover_latency_p90_seconds,lower,25.396333312988283,23.131324780782066,27.667674753824873,0.0,0.23745579212678328,0,3,5
dynamic_weighted,multi_low,strict_response_sla_success_rate,higher,0.17313915563569413,0.12651824035534684,0.2125727915602507,0.0,0.020021523705957545,0,3,5
dynamic_weighted,multi_low,active_steam_mean,lower,2.3425624999999997,2.2539578124999995,2.4166265625000003,0.0,0.037299516166433073,0,3,5
dynamic_weighted,multi_low,action_delta_mean,lower,0.022966047916962315,0.021658889799838283,0.02429794878860084,0.0,0.0005950888379302675,0,3,5
dynamic_weighted,multi_realistic,coverage_rate,higher,0.8859235011943134,0.865366507379434,0.9114009820459926,0.0,0.02327412125994808,0,3,5
dynamic_weighted,multi_realistic,cover_latency_seconds,lower,16.488957938003516,15.05004453703704,17.881917090838375,0.0,0.3404189758341738,0,3,5
dynamic_weighted,multi_realistic,cover_latency_p90_seconds,lower,30.761000162760418,27.76864178975423,34.230808573404936,0.0,1.5211185121732642,0,3,5
dynamic_weighted,multi_realistic,strict_response_sla_success_rate,higher,0.1324899937613742,0.09960085523034694,0.167158488874794,0.0,0.0027711764938508844,0,3,5
dynamic_weighted,multi_realistic,active_steam_mean,lower,2.814104166666667,2.747854166666666,2.873252604166666,0.0,0.014662389883076136,0,3,5
dynamic_weighted,multi_realistic,action_delta_mean,lower,0.02330992375233234,0.022113938669089565,0.024620067844428346,0.0,0.0009814244505192127,0,3,5
dynamic_weighted,multi_hard,coverage_rate,higher,0.8654779808333363,0.839788488314053,0.896181880718627,0.0,0.005071605242496511,0,3,5
dynamic_weighted,multi_hard,cover_latency_seconds,lower,21.623598894167635,19.41883097223905,24.184516041618735,0.0,2.3105722155009762,0,3,5
dynamic_weighted,multi_hard,cover_latency_p90_seconds,lower,42.36566711425781,35.632250254313156,51.35142548624675,0.0,7.887991481562331,0,3,5
dynamic_weighted,multi_hard,strict_response_sla_success_rate,higher,0.11786994484809502,0.08265104418948258,0.1583565668202765,0.0,0.030169596262740014,0,3,5
dynamic_weighted,multi_hard,active_steam_mean,lower,3.4885208333333333,3.3912286458333325,3.620920312499999,0.0,0.10987395714332579,0,3,5
dynamic_weighted,multi_hard,action_delta_mean,lower,0.02594189636702422,0.024168319253056667,0.02789622514215854,0.0,0.0012651322175371113,0,3,5
dynamic_weighted,multi_extreme,coverage_rate,higher,0.7991364056237692,0.7486784912618247,0.8469283634876612,0.0,0.044978156213227975,0,3,5
dynamic_weighted,multi_extreme,cover_latency_seconds,lower,25.62070375600608,21.914280902472793,29.554535134134486,0.0,0.8940754798872608,0,3,5
dynamic_weighted,multi_extreme,cover_latency_p90_seconds,lower,50.170000101725265,41.064874511718756,59.87433369954427,0.0,0.5857545734249252,0,3,5
dynamic_weighted,multi_extreme,strict_response_sla_success_rate,higher,0.06391765741736866,0.03959669752554003,0.0890601386027918,0.0,0.009863436046276876,0,3,5
dynamic_weighted,multi_extreme,active_steam_mean,lower,3.997749999999999,3.8161453124999998,4.176877083333332,0.0,0.043540973878060864,0,3,5
dynamic_weighted,multi_extreme,action_delta_mean,lower,0.027167251139175782,0.025338236165436893,0.028729125302228323,0.0,0.0011305076806209515,0,3,5
aco_tsp,multi_low,coverage_rate,higher,0.9246069418469307,0.9076147770433434,0.9416412399359076,0.0,0.005588866523165471,0,3,5
aco_tsp,multi_low,cover_latency_seconds,lower,13.441939205163397,12.64207613167165,14.269338546237153,0.0,0.23669291406711973,0,3,5
aco_tsp,multi_low,cover_latency_p90_seconds,lower,25.303000081380212,23.37596663665772,27.475008532206218,0.0,1.3108327432025482,0,3,5
aco_tsp,multi_low,strict_response_sla_success_rate,higher,0.1674440074509596,0.15087027235525569,0.18578393439461294,0.0,0.005080246415041305,0,3,5
aco_tsp,multi_low,active_steam_mean,lower,2.3496250000000005,2.285374479166667,2.4091265625000005,0.0,0.03314669101132108,0,3,5
aco_tsp,multi_low,action_delta_mean,lower,0.017834652065530712,0.017330095435842637,0.018356860304302603,0.0,0.00020582916746501563,0,3,5
aco_tsp,multi_realistic,coverage_rate,higher,0.8934849717145181,0.880723138872192,0.9065844838610734,0.0,0.004234331534546463,0,3,5
aco_tsp,multi_realistic,cover_latency_seconds,lower,16.864205236973174,15.459356541952916,18.086201563460694,0.0,0.8508949947703962,0,3,5
aco_tsp,multi_realistic,cover_latency_p90_seconds,lower,30.699333292643235,27.4955916112264,34.04037481689453,0.0,2.6128559836384855,0,3,5
aco_tsp,multi_realistic,strict_response_sla_success_rate,higher,0.10981166160817865,0.08057445341429388,0.14002424832290716,0.0,0.012632974626747236,0,3,5
aco_tsp,multi_realistic,active_steam_mean,lower,2.845375,2.793853125,2.8927916666666667,0.0,0.035045116011364785,0,3,5
aco_tsp,multi_realistic,action_delta_mean,lower,0.018341645446952257,0.017803653245970885,0.01874162519232746,0.0,0.00010717561323377085,0,3,5
aco_tsp,multi_hard,coverage_rate,higher,0.8638557585203618,0.8217018926926312,0.8955170470320395,0.0,0.03282994042215319,0,3,5
aco_tsp,multi_hard,cover_latency_seconds,lower,21.810972056302035,19.51822216868118,24.3551328555712,0.0,1.399283401859578,0,3,5
aco_tsp,multi_hard,cover_latency_p90_seconds,lower,41.80799967447918,35.428916305541996,50.10941621398926,0.0,6.138371867679028,0,3,5
aco_tsp,multi_hard,strict_response_sla_success_rate,higher,0.09782974793276095,0.06310083053711238,0.13549187810088809,0.0,0.02744115831676672,0,3,5
aco_tsp,multi_hard,active_steam_mean,lower,3.5983541666666663,3.4619359375,3.796709374999999,0.0,0.05228005764231076,0,3,5
aco_tsp,multi_hard,action_delta_mean,lower,0.018659766532072467,0.01768476021680919,0.019495460586009854,0.0,0.0007337075322435123,0,3,5
aco_tsp,multi_extreme,coverage_rate,higher,0.7541447394033207,0.656562560469025,0.8196776683461466,0.0,0.06090570128193703,0,3,5
aco_tsp,multi_extreme,cover_latency_seconds,lower,24.45345799138369,19.80822128851541,28.641268518518523,0.0,3.598165893495456,0,3,5
aco_tsp,multi_extreme,cover_latency_p90_seconds,lower,44.26999979654949,33.562333368937175,58.14750805155431,0.0,12.540389686606364,0,3,5
aco_tsp,multi_extreme,strict_response_sla_success_rate,higher,0.06466694440683761,0.04320987654320987,0.08523401925432814,0.0,0.014327043317624213,0,3,5
aco_tsp,multi_extreme,active_steam_mean,lower,3.937854166666667,3.717915625,4.190340624999999,0.0,0.16061279541830775,0,3,5
aco_tsp,multi_extreme,action_delta_mean,lower,0.01886799787973952,0.017877752975294953,0.020248262887561132,0.0,0.0012855690815617086,0,3,5
planner_ensemble,multi_low,coverage_rate,higher,0.935010866209142,0.91733369823025,0.9550017746913582,0.0,0.011646949223944937,0,3,5
planner_ensemble,multi_low,cover_latency_seconds,lower,13.069663809725728,12.056764267866068,14.09945919835717,0.0,0.7208731847493258,0,3,5
planner_ensemble,multi_low,cover_latency_p90_seconds,lower,24.583333028157554,22.61532471466065,26.203357732137043,0.0,1.1328727633575573,0,3,5
planner_ensemble,multi_low,strict_response_sla_success_rate,higher,0.17263046468218884,0.13385593869731804,0.21489197530864196,0.0,0.016738042651176246,0,3,5
planner_ensemble,multi_low,active_steam_mean,lower,2.2990833333333334,2.2531036458333333,2.3461880208333334,0.0,0.01978224556473151,0,3,5
planner_ensemble,multi_low,action_delta_mean,lower,0.02098891604438947,0.01995034051720636,0.022065835418474317,0.0,0.00028960899140329654,0,3,5
planner_ensemble,multi_realistic,coverage_rate,higher,0.899126694487514,0.8817159523412897,0.918020115995116,0.0,0.014062674353860643,0,3,5
planner_ensemble,multi_realistic,cover_latency_seconds,lower,17.260747311358866,15.84939686056697,18.90583081385942,0.0,0.9894984672460461,0,3,5
planner_ensemble,multi_realistic,cover_latency_p90_seconds,lower,31.567333577473956,28.33799174499511,35.03135069274903,0.0,2.348214474051691,0,3,5
planner_ensemble,multi_realistic,strict_response_sla_success_rate,higher,0.13813238908628717,0.09122077920517761,0.18066572695286456,0.0,0.023598398996634587,0,3,5
planner_ensemble,multi_realistic,active_steam_mean,lower,2.900604166666667,2.845916666666667,2.9525,0.0,0.036471539274937986,0,3,5
planner_ensemble,multi_realistic,action_delta_mean,lower,0.021377683180076015,0.02034327070548397,0.022313392172230058,0.0,0.00022818938704885735,0,3,5
planner_ensemble,multi_hard,coverage_rate,higher,0.8696470063880476,0.8510791214051018,0.8874922164799615,0.0,0.0027340542750150447,0,3,5
planner_ensemble,multi_hard,cover_latency_seconds,lower,20.72826544828574,19.047513069874558,22.429960173125888,0.0,0.3843546907467149,0,3,5
planner_ensemble,multi_hard,cover_latency_p90_seconds,lower,38.88066691080731,36.06899091593424,41.61200924173991,0.0,1.081528332677168,0,3,5
planner_ensemble,multi_hard,strict_response_sla_success_rate,higher,0.1124652165253923,0.08120881247630742,0.1455506457519642,0.0,0.007296408377325768,0,3,5
planner_ensemble,multi_hard,active_steam_mean,lower,3.4467708333333333,3.351956770833333,3.551000520833333,0.0,0.05335411379015965,0,3,5
planner_ensemble,multi_hard,action_delta_mean,lower,0.02312925023528244,0.02194618377808852,0.024151653950781896,0.0,0.0008101675425402462,0,3,5
planner_ensemble,multi_extreme,coverage_rate,higher,0.814011120874306,0.6845220853765733,0.8905653992761521,0.0,0.09015675555898704,0,3,5
planner_ensemble,multi_extreme,cover_latency_seconds,lower,23.255165200138027,20.07262107272257,26.481202327467212,0.0,2.3859611359745956,0,3,5
planner_ensemble,multi_extreme,cover_latency_p90_seconds,lower,44.08633341471354,36.46194972229003,52.4780008951823,0.0,6.637515548889001,0,3,5
planner_ensemble,multi_extreme,strict_response_sla_success_rate,higher,0.10590998453685799,0.07688632625145014,0.13623345985737284,0.0,0.016072699534461842,0,3,5
planner_ensemble,multi_extreme,active_steam_mean,lower,3.906645833333333,3.6917697916666676,4.13198125,0.0,0.09441870538766849,0,3,5
planner_ensemble,multi_extreme,action_delta_mean,lower,0.024254608771353024,0.02225750067575698,0.02595426566508518,0.0,0.0014986419123441089,0,3,5
