main_method,other_method,stage,metric,direction,main_mean,other_mean,delta_main_minus_other,delta_ci95_low,delta_ci95_high,p_value,p_value_holm_4_stages,main_better
ours,horizon2,multi_low,coverage_rate,higher,0.9171764399394717,0.9187935865271795,-0.0016171465877077296,-0.017850062675806404,0.016315566925195313,0.8219589020548973,1.0,False
ours,horizon2,multi_low,cover_latency_seconds,lower,12.535319995503887,12.157531178711327,0.3777888167925596,-0.6818956600816891,1.4409161328504152,0.4931753412329384,1.0,False
ours,horizon2,multi_low,cover_latency_p90_seconds,lower,24.147111138237843,23.71833363850912,0.42877749972872437,-3.221678095499679,3.613272115919331,0.7821608919554023,1.0,False
ours,horizon2,multi_low,strict_response_sla_success_rate,higher,0.18145700227057324,0.1912696714977026,-0.009812669227129367,-0.04193015909072359,0.019795708675795082,0.4975751212439378,1.0,False
ours,horizon2,multi_low,active_steam_mean,lower,2.2980625,2.281625,0.016437499999999883,-0.06029913194444435,0.08661857638888906,0.6358682065896705,1.0,False
ours,horizon2,multi_low,action_delta_mean,lower,0.025353604773400196,0.025488461590572564,-0.00013485681717236714,-0.001908032058869654,0.0018651107907759663,0.856157192140393,1.0,True
ours,horizon2,multi_realistic,coverage_rate,higher,0.9006493850238878,0.8959465827699431,0.0047028022539447045,-0.018774984078624053,0.032617825329402245,0.768561571921404,1.0,True
ours,horizon2,multi_realistic,cover_latency_seconds,lower,16.04035205655089,16.524169473157006,-0.4838174166061151,-2.3691973857536217,1.0506501657928802,0.5978701064946753,1.0,True
ours,horizon2,multi_realistic,cover_latency_p90_seconds,lower,29.69588887532552,29.449999796549477,0.24588907877604171,-4.324013415018717,3.911224978976777,0.8364581770911454,1.0,False
ours,horizon2,multi_realistic,strict_response_sla_success_rate,higher,0.147353240386711,0.13114602435663963,0.01620721603007136,-0.016565259234393396,0.05129434976903761,0.34268286585670715,1.0,True
ours,horizon2,multi_realistic,active_steam_mean,lower,2.84025,2.818104166666666,0.022145833333333975,-0.0711046874999992,0.09854184027777786,0.5800709964501775,1.0,False
ours,horizon2,multi_realistic,action_delta_mean,lower,0.026077045711739653,0.025839254025637515,0.000237791686102138,-0.0012548861052850246,0.0018556124162562133,0.7882605869706515,1.0,False
ours,horizon2,multi_hard,coverage_rate,higher,0.8696093499821506,0.869710100301625,-0.0001007503194744297,-0.04037587846190288,0.03285543913353257,0.9583520823958802,1.0,False
ours,horizon2,multi_hard,cover_latency_seconds,lower,19.58663826266317,19.225678284299768,0.3609599783634003,-1.918802112284593,3.251491775698602,0.8487575621218939,1.0,False
ours,horizon2,multi_hard,cover_latency_p90_seconds,lower,38.102777845594616,35.43833374023438,2.6644441053602392,-2.149647211710613,9.179816406249975,0.3237838108094595,0.9713514324283785,False
ours,horizon2,multi_hard,strict_response_sla_success_rate,higher,0.1272771988287098,0.12082100058227531,0.006456198246434494,-0.03658036878775443,0.05084011928633197,0.7732613369331534,1.0,True
ours,horizon2,multi_hard,active_steam_mean,lower,3.4913958333333333,3.432562500000001,0.058833333333332405,-0.1225579861111124,0.2659249999999997,0.5856707164641768,1.0,False
ours,horizon2,multi_hard,action_delta_mean,lower,0.027697294922070542,0.027424806108192874,0.00027248881387766793,-0.0015582878148081157,0.0019576381155275635,0.7263636818159092,1.0,False
ours,horizon2,multi_extreme,coverage_rate,higher,0.8545737600631842,0.8162744563968146,0.03829930366636958,0.0038413210001232993,0.07540922832290467,0.03309834508274586,0.13239338033098344,True
ours,horizon2,multi_extreme,cover_latency_seconds,lower,23.87839625483577,21.375560647628006,2.502835607207764,-0.4009209507702446,5.236810335089692,0.08899555022248888,0.3559822008899555,False
ours,horizon2,multi_extreme,cover_latency_p90_seconds,lower,46.012666625976564,39.92433349609375,6.0883331298828125,-2.8140087805853833,15.94244307793508,0.18229088545572722,0.7291635418229089,False
ours,horizon2,multi_extreme,strict_response_sla_success_rate,higher,0.10308932677866292,0.1284514645189469,-0.02536213774028398,-0.059261160991373296,0.006813019293000654,0.1143942802859857,0.4575771211439428,False
ours,horizon2,multi_extreme,active_steam_mean,lower,3.806645833333334,3.545125,0.26152083333333387,0.10374670138888824,0.4359013888888893,0.0006999650017499125,0.00279986000699965,False
ours,horizon2,multi_extreme,action_delta_mean,lower,0.028921679583132534,0.02773938021683052,0.0011822993663020143,-0.0019635689673060575,0.004975032573759773,0.48487575621218937,1.0,False
ours,risk_aware,multi_low,coverage_rate,higher,0.9171764399394717,0.9235484220972726,-0.006371982157800882,-0.03387485791421205,0.0150674212913225,0.6993650317484126,1.0,False
ours,risk_aware,multi_low,cover_latency_seconds,lower,12.535319995503887,13.48906872757936,-0.9537487320754732,-2.6008172997896333,0.4669891737443153,0.19749012549372533,0.736363181840908,True
ours,risk_aware,multi_low,cover_latency_p90_seconds,lower,24.147111138237843,24.090666402180993,0.056444736056850076,-2.667008041381837,2.934222446017788,0.9778511074446278,1.0,False
ours,risk_aware,multi_low,strict_response_sla_success_rate,higher,0.18145700227057324,0.19360050007463797,-0.012143497804064735,-0.05172707307952321,0.028661725646034183,0.5223738813059347,1.0,False
ours,risk_aware,multi_low,active_steam_mean,lower,2.2980625,2.326520833333333,-0.02845833333333303,-0.13110434027777793,0.06402083333333321,0.5701714914254288,1.0,True
ours,risk_aware,multi_low,action_delta_mean,lower,0.025353604773400196,0.02308406060998959,0.0022695441634106063,-4.5029677432483175e-05,0.0047223226749678986,0.05469726513674316,0.16409179541022947,False
ours,risk_aware,multi_realistic,coverage_rate,higher,0.9006493850238878,0.9005329618007974,0.00011642322309035613,-0.025136076387937682,0.025014995260903457,0.9911504424778761,1.0,True
ours,risk_aware,multi_realistic,cover_latency_seconds,lower,16.04035205655089,16.178214505317893,-0.13786244876700238,-1.408732664558674,1.0345518944355054,0.8473576321183941,0.8473576321183941,True
ours,risk_aware,multi_realistic,cover_latency_p90_seconds,lower,29.69588887532552,31.087333170572922,-1.3914442952474033,-6.128677828470877,2.490252794053814,0.5367731613419329,1.0,True
ours,risk_aware,multi_realistic,strict_response_sla_success_rate,higher,0.147353240386711,0.13829682994288547,0.009056410443825519,-0.024418879022367227,0.04119026497598085,0.56027198640068,1.0,True
ours,risk_aware,multi_realistic,active_steam_mean,lower,2.84025,2.8335625,0.006687499999999957,-0.05620208333333325,0.0647986111111112,0.7846607669616519,1.0,False
ours,risk_aware,multi_realistic,action_delta_mean,lower,0.026077045711739653,0.022902766787421012,0.0031742789243186416,0.0009784923891961483,0.0055240414635039856,0.0036998150092495377,0.014799260036998151,False
ours,risk_aware,multi_hard,coverage_rate,higher,0.8696093499821506,0.8355188249082112,0.03409052507393939,-0.01562779574144875,0.095233978388151,0.2182890855457227,0.8731563421828908,True
ours,risk_aware,multi_hard,cover_latency_seconds,lower,19.58663826266317,18.291783629623662,1.294854633039506,-1.147959512454398,3.6577156315590265,0.2975851207439628,0.736363181840908,False
ours,risk_aware,multi_hard,cover_latency_p90_seconds,lower,38.102777845594616,35.428666890462246,2.6741109551323703,-2.868524512396931,7.3197864303589055,0.29478526073696315,1.0,False
ours,risk_aware,multi_hard,strict_response_sla_success_rate,higher,0.1272771988287098,0.13066628786257942,-0.0033890890338696134,-0.06368586569514423,0.04994457911265438,0.9353532323383831,1.0,False
ours,risk_aware,multi_hard,active_steam_mean,lower,3.4913958333333333,3.5012708333333338,-0.009875000000000522,-0.3579583333333338,0.2714803819444433,0.999850007499625,1.0,True
ours,risk_aware,multi_hard,action_delta_mean,lower,0.027697294922070542,0.026096634604703416,0.001600660317367126,-0.0021232886260372343,0.0040280679961641735,0.3128843557822109,0.3128843557822109,False
ours,risk_aware,multi_extreme,coverage_rate,higher,0.8545737600631842,0.8631591152582762,-0.00858535519509196,-0.04799227005159454,0.029434010897013578,0.6548672566371682,1.0,False
ours,risk_aware,multi_extreme,cover_latency_seconds,lower,23.87839625483577,26.939859648179134,-3.061463393343363,-8.669095958353422,1.219450339930347,0.184090795460227,0.736363181840908,True
ours,risk_aware,multi_extreme,cover_latency_p90_seconds,lower,46.012666625976564,53.14833292643229,-7.135666300455725,-20.924384877522783,4.830222234090155,0.2600869956502175,1.0,True
ours,risk_aware,multi_extreme,strict_response_sla_success_rate,higher,0.10308932677866292,0.1170593282187485,-0.013970001440085575,-0.05918576447490662,0.030896030821536975,0.5255737213139343,1.0,False
ours,risk_aware,multi_extreme,active_steam_mean,lower,3.806645833333334,3.7449791666666665,0.061666666666667425,-0.2196628472222221,0.3477921875000009,0.6660666966651667,1.0,False
ours,risk_aware,multi_extreme,action_delta_mean,lower,0.028921679583132534,0.026660856016813502,0.002260823566319032,-0.00018604015936562996,0.0054419998204683125,0.07179641017949102,0.16409179541022947,False
ours,no_residual,multi_low,coverage_rate,higher,0.9171764399394717,0.8379469131750557,0.07922952676441608,0.004668551781434498,0.20390203586088737,0.02759862006899655,0.02759862006899655,True
ours,no_residual,multi_low,cover_latency_seconds,lower,12.535319995503887,17.053104286990674,-4.517784291486787,-9.29305721854323,-1.8797615940591592,0.0002999850007499625,0.00119994000299985,True
ours,no_residual,multi_low,cover_latency_p90_seconds,lower,24.147111138237843,36.49222239176433,-12.345111253526486,-23.76063375854493,-5.437000070359985,0.0010999450027498626,0.00439978001099945,True
ours,no_residual,multi_low,strict_response_sla_success_rate,higher,0.18145700227057324,0.16192450590990212,0.019532496360671114,-0.035303076333871086,0.07822950097038124,0.47427628618569073,1.0,True
ours,no_residual,multi_low,active_steam_mean,lower,2.2980625,2.5823750000000003,-0.2843125000000004,-0.45123958333333253,-0.12741614583333283,0.00039998000099995,0.0015999200039998,True
ours,no_residual,multi_low,action_delta_mean,lower,0.025353604773400196,0.022264428243241558,0.0030891765301586382,0.0006945380751802661,0.005958269161414485,0.007899605019749012,0.007899605019749012,False
ours,no_residual,multi_realistic,coverage_rate,higher,0.9006493850238878,0.7764603213563749,0.12418906366751292,0.03567495168647389,0.22297698243492198,0.000599970001499925,0.0023998800059997,True
ours,no_residual,multi_realistic,cover_latency_seconds,lower,16.04035205655089,23.350106204031302,-7.309754147480412,-13.263270140988388,-2.440100638818609,0.004599770011499425,0.013799310034498274,True
ours,no_residual,multi_realistic,cover_latency_p90_seconds,lower,29.69588887532552,48.834889289008245,-19.139000413682727,-35.3307752465142,-5.476300661722828,0.006499675016249188,0.019499025048747565,True
ours,no_residual,multi_realistic,strict_response_sla_success_rate,higher,0.147353240386711,0.12155073542547298,0.02580250496123801,-0.020781785408555745,0.07702342087216597,0.2312884355782211,0.9251537423128844,True
ours,no_residual,multi_realistic,active_steam_mean,lower,2.84025,3.086777777777778,-0.24652777777777768,-0.4144812500000009,-0.11249687500000011,0.00039998000099995,0.0015999200039998,True
ours,no_residual,multi_realistic,action_delta_mean,lower,0.026077045711739653,0.021162519051518922,0.004914526660220731,0.002504472727513416,0.007480850107219582,9.99950002499875e-05,0.00039998000099995,False
ours,no_residual,multi_hard,coverage_rate,higher,0.8696093499821506,0.7259950454299177,0.1436143045522329,0.03724784597704313,0.26841984414003234,0.00519974001299935,0.0103994800259987,True
ours,no_residual,multi_hard,cover_latency_seconds,lower,19.58663826266317,24.963639391740017,-5.377001129076849,-12.464774113835258,0.19409517084246508,0.0607969601519924,0.1215939203039848,True
ours,no_residual,multi_hard,cover_latency_p90_seconds,lower,38.102777845594616,51.66433320363363,-13.561555358039016,-30.280234993828667,1.4387999210357225,0.07229638518074097,0.14459277036148194,True
ours,no_residual,multi_hard,strict_response_sla_success_rate,higher,0.1272771988287098,0.11106114275787178,0.016216056070838022,-0.03589753591593423,0.07365901309112068,0.5577721113944303,1.0,True
ours,no_residual,multi_hard,active_steam_mean,lower,3.4913958333333333,3.651006944444444,-0.15961111111111093,-0.522468923611111,0.0801211805555551,0.26028698565071745,0.5205739713014349,True
ours,no_residual,multi_hard,action_delta_mean,lower,0.027697294922070542,0.02184719666633547,0.0058500982557350735,0.003741674880886902,0.008166466620812374,9.99950002499875e-05,0.00039998000099995,False
ours,no_residual,multi_extreme,coverage_rate,higher,0.8545737600631842,0.6865025334184486,0.16807122664473562,0.05093986175301011,0.28638229192058295,0.0010999450027498626,0.0032998350082495877,True
ours,no_residual,multi_extreme,cover_latency_seconds,lower,23.87839625483577,30.966841289582266,-7.088445034746496,-16.606090464183826,1.755334494085109,0.09459527023648817,0.1215939203039848,True
ours,no_residual,multi_extreme,cover_latency_p90_seconds,lower,46.012666625976564,62.545332845052094,-16.53266621907553,-35.87410978529189,3.5924163699679843,0.08679566021698915,0.14459277036148194,True
ours,no_residual,multi_extreme,strict_response_sla_success_rate,higher,0.10308932677866292,0.09177359314199177,0.011315733636671155,-0.04147359350438219,0.0651710449217785,0.6709664516774161,1.0,True
ours,no_residual,multi_extreme,active_steam_mean,lower,3.806645833333334,3.853861111111111,-0.04721527777777723,-0.45737847222222167,0.40018107638888817,0.7940602969851508,0.7940602969851508,True
ours,no_residual,multi_extreme,action_delta_mean,lower,0.028921679583132534,0.02192997212703094,0.006991707456101594,0.004180492159913385,0.009826510944351462,9.99950002499875e-05,0.00039998000099995,False
ours,vanilla_lstm_ppo,multi_low,coverage_rate,higher,0.9171764399394717,0.16555555555555557,0.7516208843839162,0.6331158968293258,0.8535599258921455,9.99950002499875e-05,0.00039998000099995,True
ours,vanilla_lstm_ppo,multi_low,cover_latency_seconds,lower,12.535319995503887,5.149074074074075,7.386245921429812,0.48756782666978005,12.656415952431576,0.03959802009899505,0.03959802009899505,False
ours,vanilla_lstm_ppo,multi_low,cover_latency_p90_seconds,lower,24.147111138237843,6.817222188313802,17.32988894992404,6.676217247009277,25.126688858879938,0.005399730013499325,0.005399730013499325,False
ours,vanilla_lstm_ppo,multi_low,strict_response_sla_success_rate,higher,0.18145700227057324,0.09296296296296294,0.0884940393076103,0.006334853836843665,0.16058471042919176,0.03629818509074546,0.05339733013349333,True
ours,vanilla_lstm_ppo,multi_low,active_steam_mean,lower,2.2980625,2.9658472222222225,-0.6677847222222226,-0.7250706597222216,-0.6159369791666669,9.99950002499875e-05,0.00039998000099995,True
ours,vanilla_lstm_ppo,multi_low,action_delta_mean,lower,0.025353604773400196,4.508882839561846e-05,0.025308515945004578,0.023991488307608173,0.026723936974607856,9.99950002499875e-05,0.00039998000099995,False
ours,vanilla_lstm_ppo,multi_realistic,coverage_rate,higher,0.9006493850238878,0.12962962962962962,0.7710197553942582,0.6738823817082465,0.8437376295231659,9.99950002499875e-05,0.00039998000099995,True
ours,vanilla_lstm_ppo,multi_realistic,cover_latency_seconds,lower,16.04035205655089,4.326388888888889,11.713963167662001,4.2515778180104515,15.825107292466662,0.011699415029248537,0.023398830058497074,False
ours,vanilla_lstm_ppo,multi_realistic,cover_latency_p90_seconds,lower,29.69588887532552,5.188777762518989,24.50711111280653,16.937774908701577,29.472058217366534,9.99950002499875e-05,0.00039998000099995,False
ours,vanilla_lstm_ppo,multi_realistic,strict_response_sla_success_rate,higher,0.147353240386711,0.060582010582010584,0.08677122980470041,0.027051166607221885,0.14749760440822882,0.0034998250087495625,0.010499475026248688,True
ours,vanilla_lstm_ppo,multi_realistic,active_steam_mean,lower,2.84025,3.2376875000000003,-0.3974375000000001,-0.6329328124999993,-0.20357274305555648,9.99950002499875e-05,0.00039998000099995,True
ours,vanilla_lstm_ppo,multi_realistic,action_delta_mean,lower,0.026077045711739653,4.566649152846821e-05,0.026031379220211186,0.025094554936191216,0.02718713756178345,9.99950002499875e-05,0.00039998000099995,False
ours,vanilla_lstm_ppo,multi_hard,coverage_rate,higher,0.8696093499821506,0.08917989417989419,0.7804294558022564,0.6904706770489812,0.8458324158977769,9.99950002499875e-05,0.00039998000099995,True
ours,vanilla_lstm_ppo,multi_hard,cover_latency_seconds,lower,19.58663826266317,2.8916666666666675,16.6949715959965,10.942018886815559,21.217696726405443,9.99950002499875e-05,0.00039998000099995,False
ours,vanilla_lstm_ppo,multi_hard,cover_latency_p90_seconds,lower,38.102777845594616,3.728555535210504,34.37422231038411,24.995377850002715,43.10759409586589,9.99950002499875e-05,0.00039998000099995,False
ours,vanilla_lstm_ppo,multi_hard,strict_response_sla_success_rate,higher,0.1272771988287098,0.0446031746031746,0.0826740242255352,0.012699845696875317,0.13918108289140096,0.026698665066746664,0.05339733013349333,True
ours,vanilla_lstm_ppo,multi_hard,active_steam_mean,lower,3.4913958333333333,3.6350694444444445,-0.1436736111111112,-0.785861631944444,0.4023376736111104,0.6774661266936653,0.6774661266936653,True
ours,vanilla_lstm_ppo,multi_hard,action_delta_mean,lower,0.027697294922070542,4.781486895107022e-05,0.02764948005311947,0.026436113641728414,0.028873208326825942,9.99950002499875e-05,0.00039998000099995,False
ours,vanilla_lstm_ppo,multi_extreme,coverage_rate,higher,0.8545737600631842,0.06071428571428571,0.7938594743488985,0.7302262886467463,0.8549148054335508,9.99950002499875e-05,0.00039998000099995,True
ours,vanilla_lstm_ppo,multi_extreme,cover_latency_seconds,lower,23.87839625483577,3.353333333333334,20.525062921502435,13.65636594823638,26.069165654592187,9.99950002499875e-05,0.00039998000099995,False
ours,vanilla_lstm_ppo,multi_extreme,cover_latency_p90_seconds,lower,46.012666625976564,4.106222195095486,41.90644443088108,31.002711148579913,54.48805784352621,9.99950002499875e-05,0.00039998000099995,False
ours,vanilla_lstm_ppo,multi_extreme,strict_response_sla_success_rate,higher,0.10308932677866292,0.02433862433862434,0.07875070244003858,0.0385645910865406,0.11589403984778922,0.000999950002499875,0.0039998000099995,True
ours,vanilla_lstm_ppo,multi_extreme,active_steam_mean,lower,3.806645833333334,3.4981041666666663,0.3085416666666676,-0.2640251736111113,0.7900625000000003,0.2633868306584671,0.5267736613169341,False
ours,vanilla_lstm_ppo,multi_extreme,action_delta_mean,lower,0.028921679583132534,4.657092626866048e-05,0.028875108656863872,0.026729265475548658,0.03164433528910108,9.99950002499875e-05,0.00039998000099995,False
ours,no_attention,multi_low,coverage_rate,higher,0.9171764399394717,0.9212326178950879,-0.004056177955616191,-0.02158538248537491,0.013496969505254064,0.6166691665416729,1.0,False
ours,no_attention,multi_low,cover_latency_seconds,lower,12.535319995503887,12.680217374511077,-0.14489737900719035,-1.1981144366169725,0.8617482687711617,0.792360381980901,1.0,True
ours,no_attention,multi_low,cover_latency_p90_seconds,lower,24.147111138237843,24.49277770996094,-0.3456665717230969,-3.452166453043617,2.697894353230795,0.8195590220488975,1.0,True
ours,no_attention,multi_low,strict_response_sla_success_rate,higher,0.18145700227057324,0.180310713409187,0.0011462888613862354,-0.03531883901245182,0.03514428726493981,0.920053997300135,1.0,True
ours,no_attention,multi_low,active_steam_mean,lower,2.2980625,2.3075902777777775,-0.00952777777777758,-0.08503472222222187,0.056909895833333654,0.7863606819659017,1.0,True
ours,no_attention,multi_low,action_delta_mean,lower,0.025353604773400196,0.025602340876006786,-0.0002487361026065893,-0.0020563641657823485,0.001749035179902334,0.7830608469576521,1.0,True
ours,no_attention,multi_realistic,coverage_rate,higher,0.9006493850238878,0.905811427042175,-0.005162042018287183,-0.02451221990417379,0.015811230917641708,0.5785710714464277,1.0,False
ours,no_attention,multi_realistic,cover_latency_seconds,lower,16.04035205655089,16.241712710035983,-0.2013606534850929,-1.3935980664930057,0.9085460141249191,0.7423628818559072,1.0,True
ours,no_attention,multi_realistic,cover_latency_p90_seconds,lower,29.69588887532552,30.62133324517144,-0.9254443698459198,-4.811235824584964,3.0725720163980954,0.5893705314734263,1.0,True
ours,no_attention,multi_realistic,strict_response_sla_success_rate,higher,0.147353240386711,0.1415874847632303,0.005765755623480695,-0.03388983560626756,0.05789940962754091,0.8663566821658917,1.0,True
ours,no_attention,multi_realistic,active_steam_mean,lower,2.84025,2.8495624999999998,-0.009312499999999613,-0.08759166666666661,0.0657503472222217,0.8254587270636469,1.0,True
ours,no_attention,multi_realistic,action_delta_mean,lower,0.026077045711739653,0.0265435755403174,-0.00046652982857774486,-0.0020641476085294604,0.0014978307896822427,0.5549722513874307,1.0,True
ours,no_attention,multi_hard,coverage_rate,higher,0.8696093499821506,0.8838763937876406,-0.014267043805490043,-0.04840955410404456,0.025632532805724702,0.40057997100144993,1.0,False
ours,no_attention,multi_hard,cover_latency_seconds,lower,19.58663826266317,19.445902296089336,0.14073596657383192,-1.7755834127917223,2.4221939335797815,0.9302534873256337,1.0,False
ours,no_attention,multi_hard,cover_latency_p90_seconds,lower,38.102777845594616,36.46077752007378,1.6420003255208329,-3.6300414683024,8.319791649712453,0.6016699165041748,1.0,False
ours,no_attention,multi_hard,strict_response_sla_success_rate,higher,0.1272771988287098,0.12807313449626812,-0.0007959356675583118,-0.04319461689534313,0.04381074989753557,0.9650517474126293,1.0,False
ours,no_attention,multi_hard,active_steam_mean,lower,3.4913958333333333,3.420402777777778,0.07099305555555535,-0.060139409722222724,0.20195833333333324,0.2702864856757162,1.0,False
ours,no_attention,multi_hard,action_delta_mean,lower,0.027697294922070542,0.027247809783495787,0.0004494851385747553,-0.001867981818981721,0.0029958866665668713,0.6863656817159142,1.0,False
ours,no_attention,multi_extreme,coverage_rate,higher,0.8545737600631842,0.8390171754802093,0.01555658458297493,-0.022865916128432136,0.05238787732800112,0.4093795310234488,1.0,True
ours,no_attention,multi_extreme,cover_latency_seconds,lower,23.87839625483577,24.827933144562092,-0.9495368897263212,-4.007992094398961,2.810086521022528,0.5004749762511874,1.0,True
ours,no_attention,multi_extreme,cover_latency_p90_seconds,lower,46.012666625976564,49.31688910590279,-3.3042224799262243,-11.995399953206363,7.4319301774765725,0.3951802409879506,1.0,True
ours,no_attention,multi_extreme,strict_response_sla_success_rate,higher,0.10308932677866292,0.08567014438825718,0.01741918239040574,-0.012271410255699642,0.04534878027222167,0.21228938553072346,0.8491575421228938,True
ours,no_attention,multi_extreme,active_steam_mean,lower,3.806645833333334,3.7534791666666676,0.05316666666666636,-0.14629201388888918,0.2558687499999992,0.5990700464976751,1.0,False
ours,no_attention,multi_extreme,action_delta_mean,lower,0.028921679583132534,0.028699690550537657,0.000221989032594877,-0.0017282996843619566,0.003273332976469726,0.9717514124293786,1.0,False
ours,no_carry,multi_low,coverage_rate,higher,0.9171764399394717,0.9151074173546492,0.002069022584822555,-0.009389804829222479,0.017677083112782103,0.7897605119744012,1.0,True
ours,no_carry,multi_low,cover_latency_seconds,lower,12.535319995503887,12.972438430955428,-0.4371184354515414,-1.5165377980157786,0.6619682618845327,0.42297885105744715,1.0,True
ours,no_carry,multi_low,cover_latency_p90_seconds,lower,24.147111138237843,24.750333285861547,-0.6032221476237041,-3.246352959526914,1.8750190099080353,0.6391680415979201,1.0,True
ours,no_carry,multi_low,strict_response_sla_success_rate,higher,0.18145700227057324,0.16694152716582505,0.014515475104748182,-0.02658405825922031,0.05411501946454107,0.4327783610819459,1.0,True
ours,no_carry,multi_low,active_steam_mean,lower,2.2980625,2.313430555555556,-0.015368055555556204,-0.07181302083333295,0.039626562499999435,0.552472376381181,1.0,True
ours,no_carry,multi_low,action_delta_mean,lower,0.025353604773400196,0.025824031702883873,-0.000470426929483677,-0.0024480804544323312,0.0015346578712310663,0.6586670666466676,1.0,True
ours,no_carry,multi_realistic,coverage_rate,higher,0.9006493850238878,0.9029358178073595,-0.002286432783471737,-0.027625800277628752,0.021313707738109647,0.8536573171341433,1.0,False
ours,no_carry,multi_realistic,cover_latency_seconds,lower,16.04035205655089,15.726360552791721,0.3139915037591692,-0.840354288894758,1.4420895187903835,0.5479726013699315,1.0,False
ours,no_carry,multi_realistic,cover_latency_p90_seconds,lower,29.69588887532552,29.30622233072917,0.38966654459634853,-2.5441113620334193,3.932680521647134,0.8607569621518925,1.0,False
ours,no_carry,multi_realistic,strict_response_sla_success_rate,higher,0.147353240386711,0.146918985806886,0.0004342545798249886,-0.044781449341196176,0.04247025756100102,0.9691515424228788,1.0,True
ours,no_carry,multi_realistic,active_steam_mean,lower,2.84025,2.813673611111111,0.026576388888889024,-0.04610434027777709,0.10934045138888875,0.4913754312284386,1.0,False
ours,no_carry,multi_realistic,action_delta_mean,lower,0.026077045711739653,0.02625963903807075,-0.00018259332633109582,-0.0016055986479239018,0.0013311188740064014,0.7724613769311535,1.0,True
ours,no_carry,multi_hard,coverage_rate,higher,0.8696093499821506,0.8733127719864229,-0.0037034220042723165,-0.026320085801041053,0.020283877524658857,0.6982650867456627,1.0,False
ours,no_carry,multi_hard,cover_latency_seconds,lower,19.58663826266317,20.196866170463377,-0.6102279078002084,-2.9696431823580625,1.8965848746422205,0.576271186440678,1.0,True
ours,no_carry,multi_hard,cover_latency_p90_seconds,lower,38.102777845594616,39.29900000678168,-1.196222161187066,-7.547348500569653,5.931541052924242,0.6724663766811659,1.0,True
ours,no_carry,multi_hard,strict_response_sla_success_rate,higher,0.1272771988287098,0.13271622007245318,-0.005439021243743375,-0.04030881514691513,0.032155170412871525,0.7410629468526574,1.0,False
ours,no_carry,multi_hard,active_steam_mean,lower,3.4913958333333333,3.514430555555555,-0.023034722222221582,-0.18712517361111192,0.1517241319444448,0.7733613319334033,1.0,True
ours,no_carry,multi_hard,action_delta_mean,lower,0.027697294922070542,0.027355180852069408,0.00034211407000113436,-0.001324597752724741,0.0018377275327818602,0.5841707914604269,1.0,False
ours,no_carry,multi_extreme,coverage_rate,higher,0.8545737600631842,0.8483301026781933,0.006243657384990886,-0.02675085638536453,0.04295073979563685,0.7052647367631618,1.0,True
ours,no_carry,multi_extreme,cover_latency_seconds,lower,23.87839625483577,23.329868607128017,0.5485276477077541,-1.8758700564055562,3.271860423317144,0.672766361681916,1.0,False
ours,no_carry,multi_extreme,cover_latency_p90_seconds,lower,46.012666625976564,44.06577806260851,1.9468885633680557,-6.6072087554931676,11.608746743096214,0.6383680815959202,1.0,False
ours,no_carry,multi_extreme,strict_response_sla_success_rate,higher,0.10308932677866292,0.07834914314600412,0.0247401836326588,0.004312283711446086,0.04516529598493373,0.023298835058247088,0.09319534023298835,True
ours,no_carry,multi_extreme,active_steam_mean,lower,3.806645833333334,3.775756944444445,0.030888888888888744,-0.15207135416666834,0.2261319444444432,0.7291635418229089,1.0,False
ours,no_carry,multi_extreme,action_delta_mean,lower,0.028921679583132534,0.02937967463218871,-0.000457995049056175,-0.003412720860633447,0.0036199627925812307,0.6711664416779161,1.0,True
ours,no_prediction,multi_low,coverage_rate,higher,0.9171764399394717,0.9218259765570541,-0.004649536617582384,-0.024733060381451143,0.012105165965556117,0.5974701264936754,1.0,False
ours,no_prediction,multi_low,cover_latency_seconds,lower,12.535319995503887,13.021048458362484,-0.4857284628585976,-1.6905261327392531,0.6277616382771654,0.36598170091495424,1.0,True
ours,no_prediction,multi_low,cover_latency_p90_seconds,lower,24.147111138237843,24.751666632758244,-0.604555494520401,-3.9005911738077828,2.295272302415627,0.6699665016749162,1.0,True
ours,no_prediction,multi_low,strict_response_sla_success_rate,higher,0.18145700227057324,0.1778153754873443,0.003641626783228935,-0.03388424293459698,0.04360697407599223,0.8134593270336483,1.0,True
ours,no_prediction,multi_low,active_steam_mean,lower,2.2980625,2.3183125,-0.020250000000000323,-0.11748107638888923,0.0577711805555553,0.6372681365931704,1.0,True
ours,no_prediction,multi_low,action_delta_mean,lower,0.025353604773400196,0.02543210231422158,-7.849754082138449e-05,-0.0015585259614426968,0.0018415032487909336,0.8515574221288935,1.0,True
ours,no_prediction,multi_realistic,coverage_rate,higher,0.9006493850238878,0.9094657771439019,-0.00881639212001406,-0.035541017964602246,0.016089804828823547,0.4692765361731913,1.0,False
ours,no_prediction,multi_realistic,cover_latency_seconds,lower,16.04035205655089,16.520387962066277,-0.4800359055153862,-2.05279698104313,0.9651160382032921,0.5038748062596871,1.0,True
ours,no_prediction,multi_realistic,cover_latency_p90_seconds,lower,29.69588887532552,29.95444458007813,-0.25855570475260947,-4.845666993882929,3.654157887776688,0.9358532073396331,1.0,True
ours,no_prediction,multi_realistic,strict_response_sla_success_rate,higher,0.147353240386711,0.13650913693754566,0.010844103449165338,-0.02440167241223573,0.04485259522337012,0.4999750012499375,1.0,True
ours,no_prediction,multi_realistic,active_steam_mean,lower,2.84025,2.8446597222222225,-0.0044097222222223564,-0.07356267361111106,0.05751458333333325,0.9150542472876356,1.0,True
ours,no_prediction,multi_realistic,action_delta_mean,lower,0.026077045711739653,0.025885203231647017,0.00019184248009263688,-0.0010585077749684555,0.001392402901680432,0.7444627768611569,1.0,False
ours,no_prediction,multi_hard,coverage_rate,higher,0.8696093499821506,0.8730508885754307,-0.0034415385932801135,-0.04384526934760406,0.03414323423163373,0.8747562621868906,1.0,False
ours,no_prediction,multi_hard,cover_latency_seconds,lower,19.58663826266317,19.558894469154097,0.02774379350907097,-1.4913724100451384,1.6036260026428837,0.9893505324733763,1.0,False
ours,no_prediction,multi_hard,cover_latency_p90_seconds,lower,38.102777845594616,35.72388885498047,2.3788889906141435,-2.397332695855035,7.8635444920857545,0.3049847507624619,1.0,False
ours,no_prediction,multi_hard,strict_response_sla_success_rate,higher,0.1272771988287098,0.11977707490118596,0.007500123927523847,-0.01670984775731329,0.03247962926161775,0.5106744662766861,1.0,True
ours,no_prediction,multi_hard,active_steam_mean,lower,3.4913958333333333,3.4488055555555555,0.042590277777777796,-0.07632656250000053,0.181507291666665,0.4846757662116894,1.0,False
ours,no_prediction,multi_hard,action_delta_mean,lower,0.027697294922070542,0.0281951285741784,-0.0004978336521078569,-0.0032400385172248808,0.0018370525665997485,0.7413629318534073,1.0,True
ours,no_prediction,multi_extreme,coverage_rate,higher,0.8545737600631842,0.8488460782501435,0.00572768181304073,-0.03315543252572955,0.040272941337745345,0.6977651117444128,1.0,True
ours,no_prediction,multi_extreme,cover_latency_seconds,lower,23.87839625483577,22.428020454797732,1.4503758000380387,-1.7265028454730165,4.222351975018868,0.2949852507374631,1.0,False
ours,no_prediction,multi_extreme,cover_latency_p90_seconds,lower,46.012666625976564,43.62333346896701,2.3893331570095526,-6.5736004028320405,11.92840982733831,0.5809709514524274,1.0,False
ours,no_prediction,multi_extreme,strict_response_sla_success_rate,higher,0.10308932677866292,0.10202443716214248,0.0010648896165204452,-0.031537146995946,0.027065721269349117,0.871456427178641,1.0,True
ours,no_prediction,multi_extreme,active_steam_mean,lower,3.806645833333334,3.7323402777777774,0.07430555555555651,-0.1127598958333338,0.26950781250000017,0.4208789560521974,1.0,False
ours,no_prediction,multi_extreme,action_delta_mean,lower,0.028921679583132534,0.02789684068075492,0.0010248389023776137,-0.0016101812898234478,0.005356885912622577,0.6092695365231738,1.0,False
ours,no_service_reward,multi_low,coverage_rate,higher,0.9171764399394717,0.9261608371438556,-0.00898439720438382,-0.027272181607521283,0.011795925018484572,0.28148592570371483,1.0,False
ours,no_service_reward,multi_low,cover_latency_seconds,lower,12.535319995503887,12.64647203160209,-0.11115203609820412,-1.5373753361411442,1.2024866564861538,0.8620568971551422,1.0,True
ours,no_service_reward,multi_low,cover_latency_p90_seconds,lower,24.147111138237843,23.945111016167534,0.20200012207030937,-1.50544992319743,1.918114768134221,0.8036598170091496,1.0,False
ours,no_service_reward,multi_low,strict_response_sla_success_rate,higher,0.18145700227057324,0.17633395560948506,0.005123046661088176,-0.04270284181619153,0.054863891434892585,0.8609569521523924,1.0,True
ours,no_service_reward,multi_low,active_steam_mean,lower,2.2980625,2.2890694444444444,0.008993055555555518,-0.0859307291666663,0.12176684027777741,0.9000549972501375,1.0,False
ours,no_service_reward,multi_low,action_delta_mean,lower,0.025353604773400196,0.025748441597044976,-0.00039483682364477996,-0.0018869446401567945,0.001073075995032529,0.5579721013949303,1.0,True
ours,no_service_reward,multi_realistic,coverage_rate,higher,0.9006493850238878,0.9042331074987108,-0.00358372247482297,-0.03206748567779113,0.029218832597540628,0.7371631418429079,1.0,False
ours,no_service_reward,multi_realistic,cover_latency_seconds,lower,16.04035205655089,15.958697085438349,0.08165497111254183,-1.4520037929752463,1.5817029906882658,0.8940552972351382,1.0,False
ours,no_service_reward,multi_realistic,cover_latency_p90_seconds,lower,29.69588887532552,29.713222045898434,-0.017333170572914725,-4.029430812411849,3.953014033847377,0.9887505624718764,1.0,True
ours,no_service_reward,multi_realistic,strict_response_sla_success_rate,higher,0.147353240386711,0.1367384691522315,0.010614771234479486,-0.028961519214689,0.05264131391475517,0.5957702114894255,1.0,True
ours,no_service_reward,multi_realistic,active_steam_mean,lower,2.84025,2.8081249999999995,0.032125000000000625,-0.05595225694444495,0.12950052083333344,0.45807709614519276,1.0,False
ours,no_service_reward,multi_realistic,action_delta_mean,lower,0.026077045711739653,0.025435819594807747,0.0006412261169319068,-0.0011750221410908744,0.0022821273566375655,0.4063796810159492,1.0,False
ours,no_service_reward,multi_hard,coverage_rate,higher,0.8696093499821506,0.862151155998346,0.00745819398380454,-0.027299666437760692,0.039100140485834066,0.6218689065546723,1.0,True
ours,no_service_reward,multi_hard,cover_latency_seconds,lower,19.58663826266317,19.661105332956353,-0.07446707029318489,-2.0399632110055257,1.8534214071404387,0.9443527823608819,1.0,True
ours,no_service_reward,multi_hard,cover_latency_p90_seconds,lower,38.102777845594616,38.00455569797092,0.09822214762369441,-5.833461103651254,6.0677578175862585,0.9807509624518774,1.0,False
ours,no_service_reward,multi_hard,strict_response_sla_success_rate,higher,0.1272771988287098,0.12221321100145072,0.005063987827259087,-0.025679807751317518,0.03791495946705723,0.704164791760412,1.0,True
ours,no_service_reward,multi_hard,active_steam_mean,lower,3.4913958333333333,3.4498680555555565,0.04152777777777672,-0.08933628472222216,0.15831284722222183,0.4744762761861907,1.0,False
ours,no_service_reward,multi_hard,action_delta_mean,lower,0.027697294922070542,0.027623338414256828,7.395650781371471e-05,-0.0024204133307712318,0.0021636070696119435,0.9030548472576371,1.0,False
ours,no_service_reward,multi_extreme,coverage_rate,higher,0.8545737600631842,0.848995397369269,0.0055783626939152064,-0.030602909944140954,0.047589815409979884,0.8013599320033998,1.0,True
ours,no_service_reward,multi_extreme,cover_latency_seconds,lower,23.87839625483577,22.76693039519728,1.1114658596384892,-2.122987185247377,4.552096419088707,0.4423778811059447,1.0,False
ours,no_service_reward,multi_extreme,cover_latency_p90_seconds,lower,46.012666625976564,41.29044440375434,4.722222222222221,-4.310602979871978,14.892003480699328,0.28758562071896404,1.0,False
ours,no_service_reward,multi_extreme,strict_response_sla_success_rate,higher,0.10308932677866292,0.10267132622540055,0.0004180005532623682,-0.03680738345273892,0.03569795146780833,0.96005199740013,1.0,True
ours,no_service_reward,multi_extreme,active_steam_mean,lower,3.806645833333334,3.7290833333333335,0.07756250000000042,-0.11475017361111015,0.30225486111111144,0.4271786410679466,1.0,False
ours,no_service_reward,multi_extreme,action_delta_mean,lower,0.028921679583132534,0.02855866412516237,0.00036301545797016305,-0.0026038442199028335,0.0036853340934499624,0.8065596720163992,1.0,False
